[{"model": "accounts.user", "pk": 1, "fields": {"password": "pbkdf2_sha256$600000$OfPxDeFM6XyeSuaWWde93a$mdZYmkstvUZLGdaq9PGlgtPJNYAcaOItrHOPVWzgXWg=", "last_login": "2025-05-27T04:21:45.587Z", "is_superuser": false, "username": "ssafy1", "first_name": "", "last_name": "", "email": "ssafy1@kkubook.com", "is_staff": false, "is_active": true, "date_joined": "2025-05-27T04:21:45.376Z", "nickname": "안수진", "total_points": 20, "total_pages_read": 0, "basic_food": 0, "premium_food": 0, "profile_image": "", "groups": [], "user_permissions": [], "following": []}}, {"model": "accounts.user", "pk": 2, "fields": {"password": "pbkdf2_sha256$600000$1edjyfergQc3YdeKSYqP3B$2ejRp6/dCtZ8jizZnvC89LlOfO3JMncF/G9m+Vu6yGw=", "last_login": "2025-05-27T04:34:29.537Z", "is_superuser": true, "username": "admin", "first_name": "", "last_name": "", "email": "", "is_staff": true, "is_active": true, "date_joined": "2025-05-27T04:34:23.167Z", "nickname": "", "total_points": 0, "total_pages_read": 0, "basic_food": 0, "premium_food": 0, "profile_image": "", "groups": [], "user_permissions": [], "following": []}}, {"model": "accounts.user", "pk": 3, "fields": {"password": "pbkdf2_sha256$600000$mKNQVEONgX9pCcEBJZRdmr$LkL1LQkSIWmtUa5hp45zqOvh8h+h+7+oFaSjtULpOL8=", "last_login": "2025-05-27T04:34:56.823Z", "is_superuser": false, "username": "ssafy2", "first_name": "", "last_name": "", "email": "ssafy2@kkubook.com", "is_staff": false, "is_active": true, "date_joined": "2025-05-27T04:34:56.611Z", "nickname": "허재은", "total_points": 13, "total_pages_read": 0, "basic_food": 0, "premium_food": 0, "profile_image": "", "groups": [], "user_permissions": [], "following": []}}, {"model": "accounts.user", "pk": 4, "fields": {"password": "pbkdf2_sha256$600000$M7xh0H7fjvrQtA1oDjIIkB$Lznro3aOJnWPhuSSllNr6hDtNWdZuBx4WFasvfQAcZU=", "last_login": "2025-05-27T04:38:59.659Z", "is_superuser": false, "username": "ssafy3", "first_name": "", "last_name": "", "email": "ssafy3@kkubook.com", "is_staff": false, "is_active": true, "date_joined": "2025-05-27T04:38:59.434Z", "nickname": "임주빈", "total_points": 16, "total_pages_read": 0, "basic_food": 0, "premium_food": 0, "profile_image": "", "groups": [], "user_permissions": [], "following": []}}, {"model": "accounts.user", "pk": 5, "fields": {"password": "pbkdf2_sha256$600000$1ZLfQLL1IPDUiqEdbNGBvB$xOyu39VrA7xnfPbHgs0chwEA3MoOcokECV7k5xQOBWU=", "last_login": "2025-05-27T04:45:20.572Z", "is_superuser": false, "username": "ssafy4", "first_name": "", "last_name": "", "email": "ssafy4@kkubook.com", "is_staff": false, "is_active": true, "date_joined": "2025-05-27T04:45:20.368Z", "nickname": "송영지", "total_points": 30, "total_pages_read": 0, "basic_food": 0, "premium_food": 0, "profile_image": "", "groups": [], "user_permissions": [], "following": [1, 3, 4]}}, {"model": "accounts.user", "pk": 6, "fields": {"password": "pbkdf2_sha256$600000$1CBrMIo7jh9Qar75MIJ8MD$6tLXxrOv5oDWz6PwLJsn25EENmGDPnDckJ0UPMtPnLM=", "last_login": "2025-05-27T04:48:09.247Z", "is_superuser": false, "username": "ssafy5", "first_name": "", "last_name": "", "email": "ssafy5@kkubook.com", "is_staff": false, "is_active": true, "date_joined": "2025-05-27T04:48:09.035Z", "nickname": "길태은", "total_points": 26, "total_pages_read": 0, "basic_food": 0, "premium_food": 0, "profile_image": "", "groups": [], "user_permissions": [], "following": []}}, {"model": "accounts.user", "pk": 7, "fields": {"password": "pbkdf2_sha256$600000$7wW1o3LaSqGIVMN4mMXy62$PEAj+u+R55IxcPKH4XClAW/E6j6hPetYFlHcUWPs79c=", "last_login": "2025-05-27T04:54:13.761Z", "is_superuser": false, "username": "ssafy6", "first_name": "", "last_name": "", "email": "ssafy6@kkubook.com", "is_staff": false, "is_active": true, "date_joined": "2025-05-27T04:54:13.558Z", "nickname": "이순재", "total_points": 0, "total_pages_read": 0, "basic_food": 0, "premium_food": 0, "profile_image": "", "groups": [], "user_permissions": [], "following": []}}, {"model": "accounts.user", "pk": 8, "fields": {"password": "pbkdf2_sha256$600000$smoa843TRAFrMpZqhHZe0O$d370Hm7n6zyryZDTtKhNzePuENQAsZExhpwlUzlCwt4=", "last_login": "2025-05-27T04:57:04.002Z", "is_superuser": false, "username": "ssafy7", "first_name": "", "last_name": "", "email": "ssafy7@kkubook.com", "is_staff": false, "is_active": true, "date_joined": "2025-05-27T04:57:03.805Z", "nickname": "안덕현", "total_points": 0, "total_pages_read": 0, "basic_food": 0, "premium_food": 0, "profile_image": "", "groups": [], "user_permissions": [], "following": []}}, {"model": "accounts.user", "pk": 9, "fields": {"password": "pbkdf2_sha256$600000$NPMAAATU6G0VdDR9rMPC2N$lPs4vTdSclNsasWvAPuSsArzXORClB8fGAbjD/NaT8s=", "last_login": "2025-05-27T04:59:13.224Z", "is_superuser": false, "username": "ssafy8", "first_name": "", "last_name": "", "email": "ssafy8@kkubook.com", "is_staff": false, "is_active": true, "date_joined": "2025-05-27T04:59:13.025Z", "nickname": "권윤정", "total_points": 50, "total_pages_read": 0, "basic_food": 0, "premium_food": 0, "profile_image": "", "groups": [], "user_permissions": [], "following": []}}, {"model": "accounts.user", "pk": 10, "fields": {"password": "pbkdf2_sha256$600000$bGkGGPK2rlaw7Gjrd87ZzF$TNxnAK3yHLsetq/93WlJAttP9pu9jU1ldtvHA3jZq+M=", "last_login": "2025-05-27T05:02:44.089Z", "is_superuser": false, "username": "ssafy9", "first_name": "", "last_name": "", "email": "ssafy9@kkubook.com", "is_staff": false, "is_active": true, "date_joined": "2025-05-27T05:02:43.895Z", "nickname": "이하연", "total_points": 0, "total_pages_read": 0, "basic_food": 0, "premium_food": 0, "profile_image": "", "groups": [], "user_permissions": [], "following": []}}, {"model": "accounts.user", "pk": 11, "fields": {"password": "pbkdf2_sha256$600000$6Bu1RPcMLN93lsKysQxzDJ$t34XSN9+ONDq3uNZs8AiZX9EOf5oCsPxOzUA1bnx3hg=", "last_login": "2025-05-27T05:04:10.584Z", "is_superuser": false, "username": "ssafy10", "first_name": "", "last_name": "", "email": "ssafy10@kkubook.com", "is_staff": false, "is_active": true, "date_joined": "2025-05-27T05:04:10.379Z", "nickname": "이정연", "total_points": 0, "total_pages_read": 0, "basic_food": 0, "premium_food": 0, "profile_image": "", "groups": [], "user_permissions": [], "following": []}}, {"model": "accounts.user", "pk": 12, "fields": {"password": "pbkdf2_sha256$600000$rvHOey736cas37VpLNtL78$pGPKsZv9Pu4XByQE5NP2qsj/2XefNngPT+bgNvLt0UY=", "last_login": "2025-05-27T05:06:03.906Z", "is_superuser": false, "username": "ssafy11", "first_name": "", "last_name": "", "email": "ssafy11@kkubook.com", "is_staff": false, "is_active": true, "date_joined": "2025-05-27T05:06:03.684Z", "nickname": "공윤서", "total_points": 0, "total_pages_read": 0, "basic_food": 0, "premium_food": 0, "profile_image": "", "groups": [], "user_permissions": [], "following": [1, 8, 9, 10, 11]}}, {"model": "accounts.user", "pk": 13, "fields": {"password": "pbkdf2_sha256$600000$A5jZBc4Okhy1p3F5BoBK47$2495/g0VLNhxy6o9uCTZlBdUvzTYHYI5m70dk6xy6wU=", "last_login": "2025-05-27T05:08:55.783Z", "is_superuser": false, "username": "ssafy12", "first_name": "", "last_name": "", "email": "ssafy12@kkubook.com", "is_staff": false, "is_active": true, "date_joined": "2025-05-27T05:08:55.583Z", "nickname": "양현지", "total_points": 0, "total_pages_read": 0, "basic_food": 0, "premium_food": 0, "profile_image": "", "groups": [], "user_permissions": [], "following": []}}, {"model": "accounts.user", "pk": 14, "fields": {"password": "pbkdf2_sha256$600000$qf4BIRzWb1MAiVlb43JTAk$5fysigLnZhTHKvEzjv5l3cyM/dvNxZIIASnTm0vNpR4=", "last_login": "2025-05-27T05:12:59.197Z", "is_superuser": false, "username": "ssafy13", "first_name": "", "last_name": "", "email": "ssafy13@kkubook.com", "is_staff": false, "is_active": true, "date_joined": "2025-05-27T05:12:58.999Z", "nickname": "유형탁", "total_points": 0, "total_pages_read": 0, "basic_food": 0, "premium_food": 0, "profile_image": "", "groups": [], "user_permissions": [], "following": []}}, {"model": "accounts.user", "pk": 15, "fields": {"password": "pbkdf2_sha256$600000$nVcLF8ypxClC2bcZ9iFd7D$a7CGoXxVnOPiLhF9gBVYlabfZHbghWrQg+HFmQXO7vs=", "last_login": "2025-05-27T05:26:49.606Z", "is_superuser": false, "username": "ssafy14", "first_name": "", "last_name": "", "email": "ssafy14@kkubook.com", "is_staff": false, "is_active": true, "date_joined": "2025-05-27T05:26:49.403Z", "nickname": "권자은", "total_points": 50, "total_pages_read": 0, "basic_food": 0, "premium_food": 0, "profile_image": "", "groups": [], "user_permissions": [], "following": []}}, {"model": "accounts.user", "pk": 16, "fields": {"password": "pbkdf2_sha256$600000$bBwfejNQMIwCyYbtwZwqCC$yRs5vmW2Y0OXOh703mEyPbXboNciqPVkl7ZcJTGQB8w=", "last_login": "2025-05-27T05:29:31.938Z", "is_superuser": false, "username": "ssafy15", "first_name": "", "last_name": "", "email": "ssafy15@kkubook.com", "is_staff": false, "is_active": true, "date_joined": "2025-05-27T05:29:31.745Z", "nickname": "박준호", "total_points": 20, "total_pages_read": 0, "basic_food": 0, "premium_food": 0, "profile_image": "", "groups": [], "user_permissions": [], "following": []}}, {"model": "accounts.user", "pk": 17, "fields": {"password": "pbkdf2_sha256$600000$xBOo2C5Bhb8721Jbeex0QN$o3LP7JesJIr8t+CRV2ByxHYss7mQRo7cTijibzQhEVc=", "last_login": "2025-05-27T05:31:38.459Z", "is_superuser": false, "username": "ssafy16", "first_name": "", "last_name": "", "email": "ssafy16@kkubook.com", "is_staff": false, "is_active": true, "date_joined": "2025-05-27T05:31:38.259Z", "nickname": "김성하", "total_points": 5, "total_pages_read": 0, "basic_food": 0, "premium_food": 0, "profile_image": "", "groups": [], "user_permissions": [], "following": []}}, {"model": "accounts.user", "pk": 18, "fields": {"password": "pbkdf2_sha256$600000$NrrVN2JJg4BU8JDXHLxmNm$ddG5oywWSWhbjiQUYiCBm//gindniPZvmmFBR429ILY=", "last_login": "2025-05-27T05:35:18.105Z", "is_superuser": false, "username": "ssafy17", "first_name": "", "last_name": "", "email": "ssafy17@kkubook.com", "is_staff": false, "is_active": true, "date_joined": "2025-05-27T05:35:17.912Z", "nickname": "한선주", "total_points": 0, "total_pages_read": 0, "basic_food": 0, "premium_food": 0, "profile_image": "", "groups": [], "user_permissions": [], "following": []}}, {"model": "accounts.user", "pk": 19, "fields": {"password": "pbkdf2_sha256$600000$np277FHCHkASEovs2KHfVu$icuoA2DLubIquAsmLC9PC27RCD4xh37rVtBXpqYQHEY=", "last_login": "2025-05-27T05:36:18.271Z", "is_superuser": false, "username": "ssafy18", "first_name": "", "last_name": "", "email": "ssafy18@kkubook.com", "is_staff": false, "is_active": true, "date_joined": "2025-05-27T05:36:18.070Z", "nickname": "이유진", "total_points": 50, "total_pages_read": 0, "basic_food": 0, "premium_food": 0, "profile_image": "", "groups": [], "user_permissions": [], "following": []}}, {"model": "accounts.user", "pk": 20, "fields": {"password": "pbkdf2_sha256$600000$34ifV613hbKTlfohKyyVnH$Ei/TIqnUjHSlSe8oFhPrlP6H6NJwhOCuixOJIMxlBAI=", "last_login": "2025-05-27T05:37:55.564Z", "is_superuser": false, "username": "ssafy19", "first_name": "", "last_name": "", "email": "ssafy19@kkubook.com", "is_staff": false, "is_active": true, "date_joined": "2025-05-27T05:37:55.361Z", "nickname": "차성현", "total_points": 50, "total_pages_read": 0, "basic_food": 0, "premium_food": 0, "profile_image": "profile_images/user_20.png", "groups": [], "user_permissions": [], "following": []}}, {"model": "accounts.user", "pk": 21, "fields": {"password": "pbkdf2_sha256$600000$JAvC0k0q9WZWvc5Nu4nSH1$817b4iYGu4O6ArNxG5lZyrDUuqzMbu38DiCTw5byXwk=", "last_login": "2025-05-27T05:40:17.218Z", "is_superuser": false, "username": "ssafy20", "first_name": "", "last_name": "", "email": "ssafy20@kkubook.com", "is_staff": false, "is_active": true, "date_joined": "2025-05-27T05:40:17.011Z", "nickname": "최인혁", "total_points": 50, "total_pages_read": 0, "basic_food": 0, "premium_food": 0, "profile_image": "profile_images/user_21.png", "groups": [], "user_permissions": [], "following": []}}, {"model": "kkubook.bookworm", "pk": 1, "fields": {"owner": 1, "name": "나비", "level": 55, "experience": 223}}, {"model": "kkubook.bookworm", "pk": 2, "fields": {"owner": 3, "name": "나비", "level": 44, "experience": 222}}, {"model": "kkubook.bookworm", "pk": 3, "fields": {"owner": 4, "name": "나비", "level": 33, "experience": 222}}, {"model": "kkubook.bookworm", "pk": 4, "fields": {"owner": 5, "name": "나비", "level": 22, "experience": 222}}, {"model": "kkubook.bookworm", "pk": 5, "fields": {"owner": 6, "name": "나비", "level": 11, "experience": 222}}, {"model": "kkubook.bookworm", "pk": 6, "fields": {"owner": 7, "name": "", "level": 1, "experience": 60}}, {"model": "kkubook.bookworm", "pk": 7, "fields": {"owner": 8, "name": "", "level": 1, "experience": 60}}, {"model": "kkubook.bookworm", "pk": 8, "fields": {"owner": 9, "name": "", "level": 1, "experience": 0}}, {"model": "kkubook.bookworm", "pk": 9, "fields": {"owner": 10, "name": "", "level": 1, "experience": 0}}, {"model": "kkubook.bookworm", "pk": 10, "fields": {"owner": 11, "name": "", "level": 1, "experience": 60}}, {"model": "kkubook.bookworm", "pk": 11, "fields": {"owner": 12, "name": "", "level": 1, "experience": 60}}, {"model": "kkubook.bookworm", "pk": 12, "fields": {"owner": 13, "name": "", "level": 1, "experience": 130}}, {"model": "kkubook.bookworm", "pk": 13, "fields": {"owner": 14, "name": "", "level": 1, "experience": 0}}, {"model": "kkubook.bookworm", "pk": 14, "fields": {"owner": 15, "name": "", "level": 1, "experience": 0}}, {"model": "kkubook.bookworm", "pk": 15, "fields": {"owner": 16, "name": "", "level": 1, "experience": 40}}, {"model": "kkubook.bookworm", "pk": 16, "fields": {"owner": 17, "name": "", "level": 1, "experience": 130}}, {"model": "kkubook.bookworm", "pk": 17, "fields": {"owner": 18, "name": "", "level": 1, "experience": 0}}, {"model": "kkubook.bookworm", "pk": 18, "fields": {"owner": 19, "name": "나비", "level": 55, "experience": 222}}, {"model": "kkubook.bookworm", "pk": 19, "fields": {"owner": 20, "name": "나비", "level": 67, "experience": 222}}, {"model": "kkubook.bookworm", "pk": 20, "fields": {"owner": 21, "name": "나비", "level": 77, "experience": 222}}, {"model": "kkubook.pheed", "pk": 1, "fields": {"user": 1, "content": "리액스 재미업서ㅠ", "image": "pheeds/다운로드_1.png", "created_at": "2025-05-27T04:33:27.950Z", "updated_at": "2025-05-27T04:33:27.950Z", "like_users": [3, 4, 5, 6, 7, 8, 9, 10, 11, 12, 13, 14, 15, 16, 18, 19, 20, 21]}}, {"model": "kkubook.pheed", "pk": 2, "fields": {"user": 3, "content": "놀러가고싶다..", "image": "pheeds/다운로드.jpg", "created_at": "2025-05-27T04:37:53.465Z", "updated_at": "2025-05-27T04:37:53.465Z", "like_users": [4, 5, 6, 7, 8, 9, 10, 11, 12, 13, 14, 15, 16, 18, 19, 20, 21]}}, {"model": "kkubook.pheed", "pk": 3, "fields": {"user": 4, "content": "여러분들 노래할 때 메모하고 노래부르면 늘어요", "image": "pheeds/images.jpg", "created_at": "2025-05-27T04:44:29.434Z", "updated_at": "2025-05-27T04:44:29.434Z", "like_users": [5, 6, 7, 8, 9, 10, 11, 12, 13, 14, 15, 16, 18, 19, 20, 21]}}, {"model": "kkubook.pheed", "pk": 4, "fields": {"user": 5, "content": "여러분들 약 5개월간 고생하셨습니다.", "image": "", "created_at": "2025-05-27T04:47:34.803Z", "updated_at": "2025-05-27T04:47:34.803Z", "like_users": [1, 5, 6, 7, 8, 9, 10, 11, 12, 13, 14, 15, 16, 18, 19, 20]}}, {"model": "kkubook.pheed", "pk": 5, "fields": {"user": 6, "content": "파스타 무료나눔할게 얘들아 먹으러 와", "image": "pheeds/다운로드_muqWDvk.jpg", "created_at": "2025-05-27T04:49:40.031Z", "updated_at": "2025-05-27T04:49:40.031Z", "like_users": [1, 6, 7, 8, 9, 10, 11, 12, 13, 14, 15, 16, 18, 19, 20, 21]}}, {"model": "kkubook.pheed", "pk": 6, "fields": {"user": 6, "content": "뉴런은 말이지 이게\r\n...더보기", "image": "pheeds/다운로드_XdWb4pc.png", "created_at": "2025-05-27T04:50:33.360Z", "updated_at": "2025-05-27T04:50:33.361Z", "like_users": [1, 6, 7, 8, 9, 10, 11, 12, 13, 14, 15, 16, 18, 19, 20]}}, {"model": "kkubook.pheed", "pk": 10, "fields": {"user": 7, "content": "옵치할사람", "image": "pheeds/다운로드_1.jpg", "created_at": "2025-05-27T04:56:01.090Z", "updated_at": "2025-05-27T04:56:01.090Z", "like_users": [1, 7, 8, 9, 10, 11, 12, 13, 14, 15, 16, 18, 19, 20, 21]}}, {"model": "kkubook.pheed", "pk": 11, "fields": {"user": 8, "content": "형누나들 고생많았어 ! \r\n재은이랑 자은이도 고생많았어 !", "image": "", "created_at": "2025-05-27T04:58:36.089Z", "updated_at": "2025-05-27T04:58:36.089Z", "like_users": [1, 8, 9, 10, 11, 12, 13, 14, 15, 16, 18, 19, 20, 21]}}, {"model": "kkubook.pheed", "pk": 12, "fields": {"user": 9, "content": "막창...", "image": "pheeds/다운로드_2.jpg", "created_at": "2025-05-27T05:02:25.102Z", "updated_at": "2025-05-27T05:02:25.102Z", "like_users": [1, 9, 10, 11, 12, 13, 14, 15, 16, 18, 19, 20, 21]}}, {"model": "kkubook.pheed", "pk": 13, "fields": {"user": 10, "content": "오느래 밥,,,", "image": "pheeds/다운로드_3.jpg", "created_at": "2025-05-27T05:03:23.102Z", "updated_at": "2025-05-27T05:03:23.102Z", "like_users": [1, 10, 11, 12, 13, 14, 15, 16, 18, 19, 20]}}, {"model": "kkubook.pheed", "pk": 14, "fields": {"user": 11, "content": "여러분들 약 5개월간 너무 고생하셨고, 덕분에 좋은 추억 쌓고 가요!", "image": "", "created_at": "2025-05-27T05:04:33.266Z", "updated_at": "2025-05-27T05:04:33.266Z", "like_users": [1, 11, 12, 13, 14, 15, 16, 18, 19, 20]}}, {"model": "kkubook.pheed", "pk": 15, "fields": {"user": 12, "content": "아우ㅜ치ㅣ하네ㅇㅌㅋㅊㅁ", "image": "pheeds/다운로드_4.jpg", "created_at": "2025-05-27T05:06:48.364Z", "updated_at": "2025-05-27T05:08:35.650Z", "like_users": [1, 12, 13, 14, 16, 18, 19, 20, 21]}}, {"model": "kkubook.pheed", "pk": 16, "fields": {"user": 13, "content": "음..", "image": "pheeds/다운로드_5.jpg", "created_at": "2025-05-27T05:09:28.460Z", "updated_at": "2025-05-27T05:09:28.460Z", "like_users": [1, 14, 16, 18, 19, 20, 21]}}, {"model": "kkubook.pheed", "pk": 17, "fields": {"user": 14, "content": "저희 팀명 1글자로 해도 되나요?", "image": "", "created_at": "2025-05-27T05:13:40.233Z", "updated_at": "2025-05-27T05:13:40.233Z", "like_users": []}}, {"model": "kkubook.pheed", "pk": 18, "fields": {"user": 14, "content": "아 심심하다", "image": "", "created_at": "2025-05-27T05:13:48.751Z", "updated_at": "2025-05-27T05:13:48.751Z", "like_users": []}}, {"model": "kkubook.pheed", "pk": 19, "fields": {"user": 14, "content": "여러분들", "image": "", "created_at": "2025-05-27T05:13:54.846Z", "updated_at": "2025-05-27T05:13:54.846Z", "like_users": []}}, {"model": "kkubook.pheed", "pk": 20, "fields": {"user": 15, "content": "킹아", "image": "pheeds/다운로드_6.jpg", "created_at": "2025-05-27T05:27:39.856Z", "updated_at": "2025-05-27T05:27:39.856Z", "like_users": [1, 15, 16, 18, 19, 20, 21]}}, {"model": "kkubook.pheed", "pk": 21, "fields": {"user": 16, "content": "미남인 저랑 술 마실분?", "image": "", "created_at": "2025-05-27T05:29:40.935Z", "updated_at": "2025-05-27T05:29:40.935Z", "like_users": [18, 19]}}, {"model": "kkubook.pheed", "pk": 22, "fields": {"user": 17, "content": "얘들아 너희는 아프지마라....", "image": "", "created_at": "2025-05-27T05:31:49.454Z", "updated_at": "2025-05-27T05:31:49.454Z", "like_users": [1, 18, 19, 20, 21]}}, {"model": "kkubook.pheed", "pk": 23, "fields": {"user": 18, "content": "노래방가자 노래방!!!!!!!!!!!!!!!!!!!!!", "image": "", "created_at": "2025-05-27T05:36:00.440Z", "updated_at": "2025-05-27T05:36:00.440Z", "like_users": [19, 20, 21]}}, {"model": "kkubook.pheed", "pk": 24, "fields": {"user": 19, "content": "술 마 시 고 싶 다!!!!!!!!!!!!!!!!!!!!!!!", "image": "", "created_at": "2025-05-27T05:36:34.694Z", "updated_at": "2025-05-27T05:36:34.694Z", "like_users": [20]}}, {"model": "kkubook.pheed", "pk": 25, "fields": {"user": 20, "content": "한 학기 동안 다들 고생많았어~", "image": "", "created_at": "2025-05-27T05:39:51.896Z", "updated_at": "2025-05-27T05:46:59.746Z", "like_users": [1, 2, 3, 4, 5, 6, 7, 8, 9, 10, 11, 12, 13, 14, 15, 16, 17, 18, 19, 20, 21]}}, {"model": "kkubook.pheed", "pk": 26, "fields": {"user": 21, "content": "길다면 길고 짧다면 짧은 5개월간 좋은 추억 쌓습니다! \r\n모든사람들에게 감사했습니다! 고생하셨어요 !", "image": "", "created_at": "2025-05-27T05:40:53.020Z", "updated_at": "2025-05-27T05:46:53.414Z", "like_users": [1, 2, 3, 4, 5, 6, 7, 8, 9, 10, 11, 12, 13, 14, 15, 16, 17, 18, 19, 20, 21]}}, {"model": "kkubook.comment", "pk": 1, "fields": {"pheed": 1, "user": 3, "content": "리액트 나도 알려줘!", "created_at": "2025-05-27T04:35:08.579Z", "updated_at": "2025-05-27T04:35:08.579Z"}}, {"model": "kkubook.comment", "pk": 2, "fields": {"pheed": 1, "user": 4, "content": "프론트의 신,,,", "created_at": "2025-05-27T04:44:40.617Z", "updated_at": "2025-05-27T04:44:40.617Z"}}, {"model": "kkubook.comment", "pk": 3, "fields": {"pheed": 2, "user": 4, "content": "나도!!!", "created_at": "2025-05-27T04:44:45.818Z", "updated_at": "2025-05-27T04:44:45.818Z"}}, {"model": "kkubook.comment", "pk": 4, "fields": {"pheed": 1, "user": 6, "content": "리액트는 말이지..", "created_at": "2025-05-27T04:49:00.198Z", "updated_at": "2025-05-27T04:49:00.198Z"}}, {"model": "kkubook.comment", "pk": 5, "fields": {"pheed": 3, "user": 6, "content": "ㄷㄷ", "created_at": "2025-05-27T04:49:06.042Z", "updated_at": "2025-05-27T04:49:06.042Z"}}, {"model": "kkubook.comment", "pk": 6, "fields": {"pheed": 5, "user": 7, "content": "형님 제꺼는요", "created_at": "2025-05-27T04:54:33.903Z", "updated_at": "2025-05-27T04:54:33.903Z"}}, {"model": "kkubook.comment", "pk": 7, "fields": {"pheed": 10, "user": 8, "content": "손", "created_at": "2025-05-27T04:58:42.565Z", "updated_at": "2025-05-27T04:58:42.565Z"}}, {"model": "kkubook.comment", "pk": 8, "fields": {"pheed": 2, "user": 8, "content": "부럽..", "created_at": "2025-05-27T04:58:53.545Z", "updated_at": "2025-05-27T04:58:53.545Z"}}, {"model": "kkubook.comment", "pk": 9, "fields": {"pheed": 3, "user": 8, "content": "ㄷㄷ", "created_at": "2025-05-27T04:58:58.858Z", "updated_at": "2025-05-27T04:58:58.858Z"}}, {"model": "kkubook.comment", "pk": 10, "fields": {"pheed": 6, "user": 9, "content": "으", "created_at": "2025-05-27T04:59:42.914Z", "updated_at": "2025-05-27T04:59:42.914Z"}}, {"model": "kkubook.comment", "pk": 11, "fields": {"pheed": 1, "user": 9, "content": "대 수 진", "created_at": "2025-05-27T04:59:53.238Z", "updated_at": "2025-05-27T04:59:53.238Z"}}, {"model": "kkubook.comment", "pk": 12, "fields": {"pheed": 2, "user": 10, "content": "사진 이쁘다", "created_at": "2025-05-27T05:03:40.614Z", "updated_at": "2025-05-27T05:03:40.614Z"}}, {"model": "kkubook.comment", "pk": 13, "fields": {"pheed": 11, "user": 10, "content": "덕현이도!", "created_at": "2025-05-27T05:03:49.333Z", "updated_at": "2025-05-27T05:03:49.333Z"}}, {"model": "kkubook.comment", "pk": 14, "fields": {"pheed": 3, "user": 13, "content": "역시", "created_at": "2025-05-27T05:09:46.819Z", "updated_at": "2025-05-27T05:09:46.819Z"}}, {"model": "kkubook.comment", "pk": 15, "fields": {"pheed": 15, "user": 14, "content": "ㅋㅋ", "created_at": "2025-05-27T05:15:03.032Z", "updated_at": "2025-05-27T05:15:03.032Z"}}, {"model": "kkubook.comment", "pk": 16, "fields": {"pheed": 6, "user": 14, "content": "오", "created_at": "2025-05-27T05:15:38.614Z", "updated_at": "2025-05-27T05:15:38.614Z"}}, {"model": "kkubook.comment", "pk": 17, "fields": {"pheed": 11, "user": 15, "content": "오빠도 고생했어!", "created_at": "2025-05-27T05:27:55.631Z", "updated_at": "2025-05-27T05:27:55.631Z"}}, {"model": "kkubook.comment", "pk": 18, "fields": {"pheed": 20, "user": 16, "content": "음", "created_at": "2025-05-27T05:30:17.409Z", "updated_at": "2025-05-27T05:30:17.409Z"}}, {"model": "kkubook.comment", "pk": 19, "fields": {"pheed": 15, "user": 16, "content": "ㅋㅋ", "created_at": "2025-05-27T05:30:25.266Z", "updated_at": "2025-05-27T05:30:25.266Z"}}, {"model": "kkubook.comment", "pk": 20, "fields": {"pheed": 5, "user": 16, "content": "저도요", "created_at": "2025-05-27T05:30:43.001Z", "updated_at": "2025-05-27T05:30:43.001Z"}}, {"model": "kkubook.comment", "pk": 21, "fields": {"pheed": 6, "user": 16, "content": "아 형,,", "created_at": "2025-05-27T05:30:47.942Z", "updated_at": "2025-05-27T05:30:47.942Z"}}, {"model": "kkubook.comment", "pk": 22, "fields": {"pheed": 10, "user": 16, "content": "ㄱㄱ", "created_at": "2025-05-27T05:30:51.160Z", "updated_at": "2025-05-27T05:30:51.160Z"}}, {"model": "kkubook.comment", "pk": 23, "fields": {"pheed": 11, "user": 16, "content": "덕현이도 고생했어", "created_at": "2025-05-27T05:31:00.560Z", "updated_at": "2025-05-27T05:31:00.560Z"}}, {"model": "kkubook.comment", "pk": 24, "fields": {"pheed": 16, "user": 16, "content": "와 셀카에요 누나?", "created_at": "2025-05-27T05:31:10.860Z", "updated_at": "2025-05-27T05:31:10.860Z"}}, {"model": "kkubook.comment", "pk": 25, "fields": {"pheed": 23, "user": 19, "content": "가자!!!!!!!!!!!!!", "created_at": "2025-05-27T05:36:40.558Z", "updated_at": "2025-05-27T05:36:40.558Z"}}, {"model": "kkubook.comment", "pk": 26, "fields": {"pheed": 15, "user": 19, "content": "ㅋㅋㅋ", "created_at": "2025-05-27T05:36:51.859Z", "updated_at": "2025-05-27T05:36:51.859Z"}}, {"model": "kkubook.comment", "pk": 27, "fields": {"pheed": 4, "user": 19, "content": "영지두!~!", "created_at": "2025-05-27T05:37:01.650Z", "updated_at": "2025-05-27T05:37:01.650Z"}}, {"model": "kkubook.comment", "pk": 28, "fields": {"pheed": 6, "user": 20, "content": ",,,", "created_at": "2025-05-27T05:38:19.149Z", "updated_at": "2025-05-27T05:38:19.149Z"}}, {"model": "kkubook.comment", "pk": 29, "fields": {"pheed": 6, "user": 21, "content": "그만..", "created_at": "2025-05-27T05:41:16.918Z", "updated_at": "2025-05-27T05:41:16.918Z"}}, {"model": "kkubook.comment", "pk": 30, "fields": {"pheed": 6, "user": 1, "content": "우웩", "created_at": "2025-05-27T05:46:22.042Z", "updated_at": "2025-05-27T05:46:22.042Z"}}, {"model": "kkubook.book", "pk": 1, "fields": {"isbn": "9791140712939", "title": "리액트의 정석 with 타입스크립트 (프론트엔드 입문자를 위한)", "author": "이창현", "publisher": "길벗캠퍼스", "cover_image": "https://shopping-phinf.pstatic.net/main_5364564/53645644171.20250320091832.jpg", "description": "리액트와 타입스크립트를 결합하여 효율적인 웹 개발 학습\n객체지향 프로그래밍 개념과 원리를 학습하여 실무 개발자되기\n\n《리액트의 정석 with 타입스크립트》는 기존의 리액트 및 타입스크립트 학습서들과는 전혀 다른 시각에서 구성되었습니다.\n단순히 타입스크립트 기반에서 리액트만 다루는 것이 아니라 그 근본이 되는 프로그래밍 원\n리부터 객체지향 개념, 타입스크립트의 기초까지 탄탄히 익힐 수 있도록 설계되었습니다.", "genres": ["컴퓨터 프로그래밍"], "keywords": ["리액트", "타입스크립트", "객체지향 프로그래밍"]}}, {"model": "kkubook.book", "pk": 2, "fields": {"isbn": "9791193926970", "title": "대규모 리액트 웹 앱 개발 (확장 가능한 대규모 자바스크립트 웹 애플리케이션을 구축하는 방법)", "author": "애디 오스마니^하산 지르데(Hassan Djirdeh)", "publisher": "제이펍", "cover_image": "https://shopping-phinf.pstatic.net/main_5252143/52521433764.20250118071309.jpg", "description": "거대 괴수가 되어버린 자바스크립트 웹 개발로부터 살아남는 방법\n\n오늘날 대규모 웹 앱 개발의 어려움을 극복하기 위해서는 알아야 할 게 많다. 이 책은 모던 웹 개발의 핵심 개념 및 최신 도구와 기술을 소개하고 이에 맞춰 리액트를 활용하는 법을 다룬다. 전반부에서는 복잡성, 디자인 시스템, 데이터 페칭, 상태 관리, 국제화, 코드 조직화 같은 핵심 개념을 살펴본다. 후반부는 개인화, A/B 테스팅, 웹 아키텍처, 테스팅, 기술 마이그레이션, 타입스크립트 등 세부 영역을 좀 더 자세히 설명한다. 확장 및 유지보수가 가능한 대규모 시스템을 구축하는 데 도움이 되는 통찰을 얻을 수 있다.", "genres": ["컴퓨터/IT"], "keywords": ["리액트", "대규모 웹 애플리케이션", "확장성"]}}, {"model": "kkubook.book", "pk": 3, "fields": {"isbn": "9791171258116", "title": "저스트고 유럽 5개국 (영국 프랑스 스위스 이탈리아 스페인)", "author": "최철호^최세찬", "publisher": "시공사", "cover_image": "https://shopping-phinf.pstatic.net/main_5423998/54239980138.20250417092247.jpg", "description": "“떠나고 싶을 때, Just go 유럽 5개국!”\n돌아온 국민 가이드북 저스트고와 함께 떠나는 해외여행\n\n한 권으로 충분한 유럽 5개국 여행\n최신 유럽 정보를 일목요연하게 담은\n2025~2026 전면 개정판 드디어 출간!\n\n국내외 여행을 책임졌던 저스트고 시리즈가 최신 개정판으로 돌아왔다. 독자들에게 큰 사랑을 받아 온 『저스트고 유럽 5개국』이 2025~2026년 전면 개정판으로 재탄생했다. 유럽의 핵심 국가인 영국, 프랑스, 스위스, 이탈리아, 스페인의 최신 정보들을 한 권에 꾹꾹 눌러 담은 유럽 여행 가이드북! 보기 편하게 더 넓어진 판형과 최신 스타일에 맞게 개편된 깔끔한 디자인으로 독자들을 찾아간다.\n유럽의 대표 국가를 여행하고 싶은 독자들을 위하여, 인기 도시부터 접근성 좋은 소도시까지 상세히 소개한다. 50여 차례 유럽 대륙을 일주한 베테랑 여행 작가의 여행 노하우를 가감 없이 책에 담았다. 도시별 여행 정보 외에도 다양한 테마 여행 정보, 원하는 국가를 효율적으로 돌아볼 수 있는 추천 일정, 최적 동선을 안내하는 추천 코스, 대도시 지하철과 관광지를 연계한 간편한 핸드북, 유럽여행 노하우와 자동차 여행법 등 유럽을 처음 방문하는 이들이 가장 궁금해하는 질문에 명쾌한 해답을 제공한다.\n유럽 5개국의 관광 명소와 식당, 상점, 숙소 등 책에 소개된 장소의 위치 정보를 담은 구글 지도를 QR코드에 담아 제공한다. 스마트폰으로 스캔하여 간편하고 똑똑한 여행을 즐겨 보자.", "genres": ["여행"], "keywords": ["유럽여행", "가이드북", "여행정보"]}}, {"model": "kkubook.book", "pk": 4, "fields": {"isbn": "9791194725084", "title": "리얼 파리(2025~2026) (파리를 가장 멋지게 여행하는 방법, 2025~2026년 최신판)", "author": "황현희", "publisher": "한빛라이프", "cover_image": "https://shopping-phinf.pstatic.net/main_5491165/54911656186.20250523091950.jpg", "description": "평생 잊지 못할 파리 여행을 위한 최상의 길잡이\n〈리얼 파리〉 개정판 출간\n\n누구나 한 번쯤은 꿈꾸는 도시, 파리를 가장 깊이 들여다볼 수 있는 〈리얼 파리〉가 2025 개정판으로 돌아왔다. 15년 넘게 유럽 여러 도시를 여행하며 쌓아온 전문 여행 작가의 깊이 있는 시선으로, 넘치는 정보 속에서 헤매지 않도록, 파리 여행에 꼭 필요한 것들만 선별해 담았다. 이번 개정판에서는 프랑스 황제 나폴레옹의 기운이 서린 역사적 궁정의 도시 퐁텐블로, 밀레를 비롯한 화가들이 자연을 그리기 위해 모여들었던 예술가들의 안식처 바르비종을 새롭게 소개한다. 파리 근교 최고의 테마파크, 디즈니랜드 파리의 최신 정보도 보강해 가족 여행자나 동심을 간직한 여행자 모두를 위한 즐거움을 더했다. \n또한, 파리의 떠오르는 명소와 맛집, 디저트 숍, 약국 쇼핑과 로컬 마켓 등도 추가하면서 48쪽 분량의 최신 정보를 더해 여행자의 감성과 취향을 모두 만족시킬 수 있도록 업그레이드했다. 여기에 2025년 버전으로 수정한 이 책의 특별 부록, 대형 파리 지하철 노선도는 덤이 아닌 필수. 고풍스러운 건축물과 세계적인 걸작들, 눈과 입을 사로잡는 미식과 달콤한 디저트, 명품 헤리티지와 파리 감성을 담은 메이드인 프랑스 브랜드, 그리고 말로 설명할 수 없는 로맨틱한 분위기까지. 파리의 다채로운 매력을 한 권에 담은 〈리얼 파리〉와 함께 파리 여행을 가장 아름다운 기억으로 만들어 보자.", "genres": ["여행"], "keywords": ["파리 여행", "여행 가이드", "프랑스"]}}, {"model": "kkubook.book", "pk": 5, "fields": {"isbn": "9791190073349", "title": "에이든 국내여행 가이드북(2024-2025) (국내 4500 여개 여행지를 담은 우리나라 국내 여행 바이블)", "author": "이정기^타블라라사 편집부", "publisher": "타블라라사", "cover_image": "https://shopping-phinf.pstatic.net/main_4413755/44137550620.20231121082121.jpg", "description": "2022년 교보문고 여행 연간 베스트셀러 1위 “에이든 국내여행 가이드북”의 “개정증보2판”을 출간하였습니다. 예스24 올해의 책 100위 안에도 올랐던 그책이 524페이지에서 340페이지가 증가한 864페이지로 40% 정도가 증가한 분량으로 국내 전체 여행지를 제대로 다룰 수 있게 되었습니다.\n\n타블라라사 출판사는 여행가이드북 출판사이면서 여행지도 제작사 이기도 합니다. 그래서 국내 곳곳의 여행지도 60개를 삽입해 두었습니다. 지도를 보시면 아시겠지만 정말 꼼꼼하고 자세하게 여행지 설명부터 맛집, 카페 등지를 올려두었습니다. 한번 보시면 깜짝 놀라실 정도로 컨텐츠를 담아두었습니다. 여행지도를 직접 제작 출간하는 타블라라사 이기에 가능한 부분입니다.\n\n개정 증보 2판을 준비하면서, 종이책을 통한 여행서 출간이 어떤 의미가 있을지 많은 생각을 했습니다. \"종이책은 필요한가?\"라는 원초적인 질문은 언제나 편집자의 머릿속에 가득찼고, 기존의 여행 가이드북이 잡지처럼 과도한 감성 스토리와 수식어구로 여행자에게 혼돈을 주고 있진 않은지, 너무 깊은 접근으로 내용이 많아져 전국의 여행지를 두루두루 담지 못한 것은 아닌지 더 고민하게 되었습니다. \n\n중구난방 출판되는 여행 도서 속에서 여행 가이드북은 여행자의 든든한 조언자 역할을 해야 한다고 생각합니다. 인터넷에서 웬만한 정보는 다 찾을 수 있음에도 불구하고 책을 구입하는 이유는 요약된 정보가 시간을 절약해 주기 때문입니다. 정확한 정보를 찾아 알맞게 요점을 정리해 놓은 가이드북은 여행자들의 소중한 시간을 절약해 줄 것입니다. 인터넷으로만 여행을 계획한다면 넘쳐나는 '과도한 정보와 광고'로 인하여 계획에 피로도가 매우 심하기 때문입니다.\n\n타블라라사 출판사에서는 이렇게 도서를 만들 수 있는 이유가 있습니다. 다른 출판사에서는 절대 따라 할 수 없는 구조적 이유이기도 합니다. 타블라라사에서는 외부 저자를 섭외하여 책을 만들지 않습니다. 17년 차 여행콘텐츠 전문가인 대표부터 전 직원이 전국을 돌고 촬영하고 편집과정에 참여했습니다. 그러면서 초판, 개정증보판, 개정 증보 2판으로 발전되어 업그레이드 되고 있습니다. 또한 외부 여행자들의 사진을 포함한 정보와 의견도 최대한 반영하고 독자들의 의견도 최대한 반영을 하고 있습니다. 이렇게 만들어야 최대한 객관적 정보에 접근할 수 있다고 생각했습니다. 우리나라에 타블라라사 이외에 이렇게 콘텐츠를 직접 제작하는 출판사는 없다고 단언합니다.\n\n여행 떠날 그날을 기약하며 어디를 어떻게 돌아볼지 계획하는 그 순간부터 이미 설레는 여행은 시작됩니다. 그 여행 계획의 시간이 복잡하고 힘든 시간이 되지 않도록 '에이든 국내여행 가이드북 개정증보2판'이 여러분을 도와줄 것입니다.", "genres": [], "keywords": []}}, {"model": "kkubook.book", "pk": 6, "fields": {"isbn": "9791169213271", "title": "혼자 만들면서 공부하는 파이썬 (37개 라이브러리와 API로 보고서, 차트, 게임, 맵, AI 챗봇 만들기|저자 직강 유튜브 강의, 오픈 채팅 제공)", "author": "문현일", "publisher": "한빛미디어", "cover_image": "https://shopping-phinf.pstatic.net/main_5285933/52859338841.20250209071357.jpg", "description": "“파이썬을 배워서 어디에 활용할 수 있을지 궁금했나요?”\n나의 신용카드 내역 분석, 우리 아파트 실거래가 시각화해보기, 맛집 지도 웹 앱 만들기 등 \n생활 속  15가지 파이썬 프로젝트를 직접 완성해 보며 재미있게 실전 경험 쌓기!\n\nQR 코드, 이미지 콜라주 등 일상과 가까운 생활형 프로젝트부터 부동산, 경제지표, 시가총액 같은 실용적인 데이터를 다루는 프로젝트, LLM, 멀티모달 AI와 TTS 등 최신 기술까지! 폭넓은 주제를 통해 흥미롭게 따라 해 보세요.\n\n●\t 주식 & 경제 데이터 분석 - 시가총액, 기준금리, 주요 경제지표 데이터 분석 및 시각화하기\n●\t 부동산 실거래가 분석 - 지역별 단위면적당 아파트 매매 실거래가 평균 지도로 만들기\n●\t 멀티모달 AI & 챗봇 개발 - 생성형 AI와 챗봇을 활용한 실시간 영자 신문 스크레이핑\n●\t 웹 자동화 & 크롤링 - 연관 키워드 분석을 통한 연령별, 성별 쇼핑 트렌드 분석\n●\t 게임 & GUI 개발 - 슬라이딩 퍼즐, 영어 받아쓰기 앱으로 직접 만들어 보는 인터랙티브 프로젝트", "genres": ["프로그래밍"], "keywords": ["파이썬", "데이터 분석", "프로젝트 기반 학습"]}}, {"model": "kkubook.book", "pk": 7, "fields": {"isbn": "9788995949115", "title": "나는 가수다 (책으로 노래하다)", "author": "남지은^이은주", "publisher": "블루게일", "cover_image": "https://shopping-phinf.pstatic.net/main_3249337/32493370889.20220527063314.jpg", "description": "의 모든 것을 책으로 읽다!\n\n『나는 가수다』는 한국의 대중음악계와 대중문화계뿐만 아니라 사회ㆍ경제적으로도 큰 화제와 변화를 가져온 MBC TV의 음악ㆍ예능 프로그램인 를 다양한 재미와 읽을거리를 더해 책으로 엮은 것이다. 이 책은 먼저 나가수의 탄생과 진화 과정을 생생하게 기록하고, 나가수에 출연한 가수 20명의 음악 인생과 나가수에서의 활약상을 꼼꼼하게 소개하여 감동을 되살려냈다. 또한 나가수의 10대 명장면으로 ‘제발’ ‘이젠 그랬으면 좋겠네’ ‘여러분’ ‘님과 함께’ ‘넘버 원’ 등을 소개했으며, 가수와 편곡자, 음악 전문가들과의 인터뷰를 토대로 입체적으로 분석했다. 더불어 나가수를 만든 편곡자, 연주자, 제작진에 대한 스토리 등 숨은 이야기들이 펼쳐진다. 이 책은 음악과 예능을 대중문화 차원을 넘어 사회, 경제적 시각을 가미해 종합적으로 분석했으며, 한국을 대표하는 가수들을 본격적으로 소개하는 최초의 서적이라는 의의를 지닌다.", "genres": ["음악"], "keywords": ["나는 가수다", "대중음악", "한국 가수"]}}, {"model": "kkubook.book", "pk": 8, "fields": {"isbn": "9791170681465", "title": "호흡과 발성 (음성언어의학 전문서)", "author": "남도현^최홍식", "publisher": "군자출판사", "cover_image": "https://shopping-phinf.pstatic.net/main_4891485/48914851626.20240711093205.jpg", "description": "이 책에서는 호흡 및 발성 지식들을 의학적 접근을 통해 구체화하고, 그 원리와 방법에 대한 많은 답을 제시하고 있다. \n그동안 음성직업인들이 가지고 있던 주관적인 오해로 인해 일어나는 발성적인 오류를 줄일 수 있는 방법을 분석하고, 연구했다. 또한, 성악과 지도 경험, 이탈리아 유학 생활, 음성언어의학연구소 교수로서의 경험을 바탕으로 발성에 대한 전반적인 궁금증을 풀 수 있도록 쉽게 집필했다. 의학적인 내용이 음성직업인들에게는 다소 어려울 수 있으나, 호흡과 발성의 기본적인 개념 정리에 도움이 될 것이다. 더 많은 성악가들, 그리고 성악을 공부하고자 하는 학생들에게 이 책이 발성테크닉을 효과적으로 익히는 데 도움이 되길 바란다.", "genres": ["의학"], "keywords": ["호흡", "발성", "음성언어의학"]}}, {"model": "kkubook.book", "pk": 9, "fields": {"isbn": "9791188343386", "title": "아무튼, 인기가요 (오늘 아침에는 아이유의 노래를 들으며 울었다)", "author": "서효인", "publisher": "제철소", "cover_image": "https://shopping-phinf.pstatic.net/main_3245812/32458122622.20230912084315.jpg", "description": "“오늘 아침에는 아이유의 노래를 들으며 울었다”\n귀로 들어와 몸을 채우고 가슴에 남은 노래, 노래들\n우리 모두가 사랑하는 그 3분의 세계에 관하여\n\n아무튼 시리즈 서른아홉 번째 책. 출판 편집자로 일하며 시와 산문을 쓰는 서효인이 『잘 왔어 우리 딸』 이후 6년 만에 선보이는 단독 에세이집이다. 그동안 야구, 딸, 책 등 자신이 사랑해 마지않는 대상에 대한 예찬을 산문으로 풀어내온 작가가 ‘아무튼’ 뒤에 놓은 단어는 다름 아닌 인기가요. 노래 이야기라면 “시커먼 밤도 새하얗게 샐 수 있”는 그가 마음의 갈피를 찾지 못하던 청소년 시절부터 밤새워 시를 쓰고 아침마다 버리던 이십대를 지나 직장에 다니며 두 아이의 아빠로 살아가는 일상을 케이팝 역사의 크고 작은 순간들과 함께 빼곡히 담았다.\n\n작가는 말한다. “노래를 듣는 동안이나마 우리는 가까스로 희망을 품는다. 사랑도 하고 이별도 겪는다. 겨우 3분 동안. 무려 3분이나.” 『아무튼, 인기가요』는 바로 그 ‘3분’이라는 세계에 관한 충실한 기록이자 애정 어린 헌사이다. 매 장마다 작가가 직접 골라 수록한 플레이리스트는 그 세계를 함께 여행할 우리에게 근사한 BGM이 되어줄 것이다.", "genres": ["에세이"], "keywords": ["인기가요", "케이팝", "음악과 삶"]}}, {"model": "kkubook.book", "pk": 10, "fields": {"isbn": "9788901293134", "title": "수학을 읽는 힘 (게으른 수학머리를 깨우는 신박한 지식 콘서트)", "author": "최정담(디멘)", "publisher": "웅진지식하우스", "cover_image": "https://shopping-phinf.pstatic.net/main_5320943/53209438470.20250226071556.jpg", "description": "“수학이라는 드넓은 세계를 관통하는 지적 모험의 시작”\n스토리와 일러스트로 수학의 맥락과 개념을 파악한다!\n문제 풀이력을 뛰어넘는 수학 문해력의 힘\n\n수학을 여전히 복잡한 공식의 암기와 수식의 풀이로만 오해하는 사람들을 구해줄 발칙한 스토리텔러가 돌아왔다. 이번에는 지식의 흐름을 관통하는 수학의 역사다. 이 책은 고대 첫 수학자 탈레스로 출발해 중세의 뉴턴과 오일러를 거치며 근대의 가우스, 현대의 러셀과 튜링에 이르기까지 오늘날 우리가 알고 있는 수학을 완성시킨 수많은 수학자의 삶과 발견을 되짚는다. 숫자와 기호로만 알고 있던 따분한 수학 공식 뒤에 숨겨진 흥미로운 이야기들과 함께 어려운 수식을 친절하게 풀어낸 일러스트를 곁들인 이 책을 읽다 보면 저절로 수학의 개념과 맥락을 이해하게 된다. 이 책과 함께 독자들은 자연스럽게 ‘푸는 수학’이 아닌 ‘읽는 수학’의 묘미를 만끽하게 될 것이다. \n\n피타고라스는 기하학으로 피라미드 높이를 측정해 신으로 추앙받았고, 숫자 ‘0’은 알 콰리즈미의 아라비아 숫자 전파로 비로소 발견되었다. “유레카!”로 유명한 아르키메데스는 오로지 지렛대의 원리만으로 부피 공식을 유도했고, 갈릴레이는 자연 현상을 ‘수학적’으로 표현함으로써 ‘근대 과학의 아버지’라는 칭호를 얻었다. 어렵다고 정평 난 행성의 궤도 문제는 뉴턴의 미적분으로 풀렸고, 튜링은 나치 독일의 암호를 수학적 모형으로 해독해 전쟁의 우위를 뒤집었다.\n\n이 책에 등장하는 경이로운 수학의 발자취를 좇다 보면 비로소 수학을 ‘읽어야 하는’ 이유를 깨닫게 된다. 단순한 문제 풀이만으로는 결코 수학을 이해할 수 없기 때문이다. 오늘날 우리가 너무나도 당연하게 생각하는 수학 공식과 만물의 법칙은 수학자들의 끝없는 의문과 질문, 그에 대한 해답과 답을 뒤집는 일련의 사건을 통해 완성되었다. 꼬리에 꼬리를 무는 흥미로운 수학 이야기가 쉴 틈 없이 쏟아지는 이 책을 통해 공식 암기나 숫자 계산 없이도 수학의 원리와 개념을 이해될 것이다.", "genres": ["교양"], "keywords": ["수학 역사", "수학적 사고", "수학 이야기"]}}, {"model": "kkubook.book", "pk": 11, "fields": {"isbn": "9788932473901", "title": "이기적 유전자 (40주년 기념판)", "author": "리처드 도킨스", "publisher": "을유문화사", "cover_image": "https://shopping-phinf.pstatic.net/main_3247303/32473030836.20231003084536.jpg", "description": "독특한 발상과 놀라운 주장으로 40여 년간 수많은 찬사와 논쟁의 중심에 선 과학 교양서의 바이블!\n\n1976년, 처음 출간되었을 당시 과학계와 일반 대중들에게 폭발적인 반향을 불러일으키며 세기의 문제작으로 떠오른 『이기적 유전자』는 40년이라는 세월의 검증을 거치며 그 중요성과 깊이를 더욱더 확고하게 인정받았고, 25개 이상의 언어로 번역되었으며 젊은이들이 꼭 읽어야 할 과학계의 고전으로 자리 잡았다. 새로운 디자인과 휴대하기 좋은 판형으로 갈아 입은 이번 40주년 기념판에 새롭게 수록된 에필로그에서 저자는 여전히 ‘이기적 유전자’라는 개념이 갖고 있는 지속적인 타당성을 이야기하며 이 책이 전하는 메시지를 되새긴다.\n\n저자는 이 책에서 인간을 포함한 모든 생명체는 DNA 또는 유전자에 의해 창조된 생존 기계이며, 자기의 유전자를 후세에 남기려는 이기적인 행동을 수행하는 존재라고 주장한다. 이러한 주장은 생물학계를 비롯해 과학계를 떠들썩하게 만들었고, 40년 동안 학계와 언론의 수많은 찬사와 논쟁의 대상이 되었다. 저자는 자신의 주장을 뒷받침하기 위해서 성의 진화, 이타주의의 본질, 협동의 진화, 적응의 범위, 무리의 발생, 가족계획, 혈연선택 등의 주요 쟁점과 게임 이론, 진화적으로 안정한 전략의 실험, 죄수의 딜레마, 박쥐 실험, 꿀벌 실험 등 방대한 현대 연구 이론과 실험을 보여 준다. \n\n유전자는 유전자 자체를 유지하려는 목적 때문에 원래 이기적일 수밖에 없으며, 그러한 이기적 유전자의 자기 복제를 통해 생물의 몸을 빌려 현재에 이르게 되었다고 보는 저자는 여러 의문점에 대해 다양한 동물과 조류의 실제적인 실험과 이론을 바탕으로 인간도 이기적 유전자를 존속시키기 위해 프로그램된 기계에 불과한 것인지 논리적으로 살펴본다. 이 책이 던지는 이러한 메시지를 통해 우리는 사회생물학의 논쟁이 되었던 유전적 요인과 환경 문화적 요인 가운데 인간의 본질을 보다 더 잘 설명할 수 있는 것이 무엇인지 생각해 보게 된다.", "genres": [], "keywords": []}}, {"model": "kkubook.book", "pk": 12, "fields": {"isbn": "9791192908939", "title": "물리의 정석 (일반 상대성 이론 편)", "author": "레너드 서스킨드^앙드레 카반", "publisher": "사이언스북스", "cover_image": "https://shopping-phinf.pstatic.net/main_4907037/49070379622.20240712093714.jpg", "description": "일반 상대성 이론 탄생 110주년!\n끈 이론 창시자의 명쾌한 해설\n\n시간과 공간이 떼려야 뗄 수 없이 엮여 있음을 인류에게 인식시켜 준 알베르트 아인슈타인의 특수 상대성 이론. 10년의 탐구 끝에 그는 가속도와 일정한 중력이 같다는 아주 간단한 원리에서 시작해 이 이론을 무거운 물체가 포함된 시공간으로 일반화하는 데 성공한다. 바로 1915년 11월 25일 발표되어 곧 발표 110주년을 앞둔 일반 상대성 이론(General Theory of Relativity)이다. 중력의 본질을 창조주의 권능이나 신비로운 원격 작용력이 아닌 시공간의 기하로 대체한 일반 상대성 이론은, 한 세기가 넘는 시간이 흐르며 양자 역학과 함께 현대 물리학을 떠받치는 기둥으로 자리 잡고 있다.\n2024년 7월 ㈜사이언스북스 신간인 『물리의 정석: 일반 상대성 이론 편(General Relativity: The Theoretical Minimum)』은 인류 지성사에서 기념비적 업적으로 손꼽히지만 직접 도전해 볼 엄두는 나지 않았던 이 이론을, 끈 이론의 창시자이자 스티븐 호킹과 어깨를 나란히 하는 물리학계의 거장인 레너드 서스킨드(Leonard Susskind)가 대가의 시점에서 통합하고 관통해서 설명한 책이다.\n레너드 서스킨드는 1973년부터 지금까지 스탠퍼드 대학교 이론 물리학 교수로 재직하며 양자 광학, 기본 입자 물리학, 응집 물질 물리학, 중력 이론을 비롯한 다양한 분야에 공헌해 왔고, 2007년부터 「최소한의 이론(Theoretical Minimum)」이란 이름으로 누구나 볼 수 있는 유튜브 강연을 진행해 왔다. 현대 물리학과 우주론을 공부하고 싶어도 묻고 배울 선생님이 없고, 대중 교양서로는 지적 호기심을 다 풀 수 없는 일반인을 위해 개설된 이 강연은 6개의 핵심 과정(고전 역학, 양자 역학, 특수 상대성 이론과 고전 장론, 일반 상대성 이론, 우주론, 통계 역학)에 9개의 추가 과정을 더한 총 138개의 동영상으로 이루어져 있으며 2024년 6월 기준 누적 조회 수 3000만을 돌파했다.\n이 연속 강의에서 핵심 과정을 모아 책으로 엮은 것이 「물리의 정석」 시리즈이다. 2017년 『물리의 정석: 고전 역학 편』을 필두로 한국에 소개된 이 시리즈는 “스탠퍼드 천재들이 선택한 진짜 물리학 특강”이라는 과학 · 수학 마니아들의 입소문 속에 일찍이 누계 4만 부를 돌파한 바 있다. 『물리의 정석: 일반 상대성 이론 편』은 2022년 출간된 『물리의 정석: 특수 상대성 이론과 고전 장론 편』을 잇는 최신작으로, 스탠퍼드 대학교에서 통계학으로 박사 학위를 받은 MIT 수학과 강사이자 「물리의 정석」 시리즈 프랑스 어판 번역자인 앙드레 카반(André Cabannes)이 새로이 공저자로 참여했다. 《월 스트리트 저널》 ‘최고의 책’으로 선정되기도 한 전작의 방식과 논리를 그대로 유지하면서 일반 상대성 이론을 다룬 이 책은 우주의 실제 구조에 대한 더 깊은 지식을 원하는 모든 사람에게 그야말로 정석(定石)과도 같은 작품이다.", "genres": [], "keywords": []}}, {"model": "kkubook.book", "pk": 13, "fields": {"isbn": "9788959525898", "title": "오버워치 아트북 (The Art of Overwatch)", "author": "블리자드 엔터테인먼트", "publisher": "제우미디어", "cover_image": "https://shopping-phinf.pstatic.net/main_3247459/32474594951.20230905101909.jpg", "description": "출시와 동시에 돌풍을 일으키며 전세계의 수백만 게이머들을 매료시킨「오버워치」의 첫 공식 아트북 「The Art of Overwatch」의 완전 한글판! 「스타크래프트」와 「워크래프트」 시리즈 등으로 전 세계 게이머들의 머릿속에 확고하게 각인되어 있는 블리자드 엔터테인먼트의 새 인기게임, 「오버워치」의 최초 공식 아트북을 완전 한글판으로 선보인다.\n\n368페이지라는 풍성한 볼륨을 지닌 이 아트북은 익히 알려진 풀컬러의 고해상도 게임 일러스트들 뿐만 아니라, 매력적인 각 캐릭터의 구상과정, 러프스케치, 초기 콘셉트 아트, 이전에는 볼 수 없었던 다양한 미공개 일러스트들을 포함하고 있다.\n\n또한 오버워치 캐릭터들이 가진 개성 넘치는 배경이야기와 인터넷에서 수백 만의 조회수를 기록하며 관심을 집중시켰던 “용”, “마지막 바스티온” 과 같은 단편 애니메이션, 이외에도 전장, 스킨, 스프레이 등등의 제작과정을 실제 개발자들의 생생한 코멘터리와 함께 제공하여, 오버워치를 즐기고 있거나 관심을 가지고 있는 팬들이라면 반드시 주목해야 할 책이다.", "genres": [], "keywords": []}}, {"model": "kkubook.book", "pk": 14, "fields": {"isbn": "9788959529858", "title": "오버워치: 눔바니의 영웅 (오버워치 공식 소설)", "author": "니키 드레이든", "publisher": "제우미디어", "cover_image": "https://shopping-phinf.pstatic.net/main_3244164/32441649883.20221019142735.jpg", "description": "세상에는 여전히 영웅이 필요해. 우리와 함께할래?\n\n오리사와 에피, 둠피스트, 루시우를 다룬 \n최초의 오버워치 원작 소설 시리즈!\n\n머지않은 미래, 진보된 아프리카의 도시 ‘눔바니’에서 사람들은 옴닉으로 불리는 로봇들과 조화를 이루며 살아가고 있다.\n\n루시우의 열성적인 팬인 ‘에피 올라델레’는 어렸을 때부터 눔바니 사람들을 돕기 위한 로봇을 만들어 왔다. 하지만 어느 날 도시의 보안 로봇 OR15가 둠피스트로부터 공격당하는 것을 목격하게 되고, 이제 더 절실한 무엇을 만들어야 한다는 생각을 하게 된다.\n\n둠피스트는 인간과 옴닉 사이에 불화를 심지만, 에피는 자애롭고 똑똑한 로봇 ‘오리사’를 만들어낸다. 사람들을 인도하는 정령 신에서 이름을 따온 오리사는 에피와 마찬가지로 아직 배워야 할 것이 많지만, 지금은 시간이 부족하다. 당장 사력을 다해 둠피스트와 테러리스트를 막아야 한다.\n\n에피, 오리사, 둠피스트, 루시우를 다룬 사상 첫 오버워치 공식 소설 시리즈!", "genres": [], "keywords": []}}, {"model": "kkubook.book", "pk": 15, "fields": {"isbn": "9791165373276", "title": "오리", "author": "농촌진흥청", "publisher": "휴먼컬처아리랑", "cover_image": "https://shopping-phinf.pstatic.net/main_4621064/46210646624.20240312093411.jpg", "description": "세계 오리고기 생산량은 총 620만 1,639톤으로 그중 86%가 아시아에 편중되어 있으며, 특히 중국이 79% 가량을 생산하고 있다(2021년 기준). 2012년도와 비교하여 총생산량은 42.3%가 증가하였는데, 이는 중국의 개방과 경제 성장으로 오리고기 소비량이 증가했기 때문으로 분석된다. 실제로 중국의 오리고기 생산량은 2012년 298만 1,203톤에서 2021년에는 490만 2,392톤으로 지난 10년 동안 약 64.4%가 증가하였다.\n다른 육류와 비교하였을 때 오리고기가 전체 육류 생산량에서 차지하고 있는 비중은 적지만, 아시아를 중심으로 오리고기 생산과 소비가 증가하면서 미국, 유럽 등지에서는 아시아 시장에 대한 수출 품목으로서의 성장 가능성에 관심을 가지고 있다.", "genres": [], "keywords": []}}, {"model": "kkubook.book", "pk": 16, "fields": {"isbn": "9791170121329", "title": "곱창 막창 전문점 (한눈에 읽는 외식창업 성공 이야기)", "author": "김병욱", "publisher": "킴스정보전략연구소", "cover_image": "https://shopping-phinf.pstatic.net/main_3248808/32488086992.20221019132855.jpg", "description": "이 책은 총 Ⅳ 장으로 구성되어 있으며 ‘곱창·막창 전문점’ 창업에 대한 체계적인 정보를 얻을 수 있도록 했다.\n\n  제 Ⅰ 장에서는 전반적인 곱창 및 막창 전문점의 현황에 대해 살펴본다. 전문점 경영과 소비트렌드 및 시장발전, 투자수익률과 시장 경쟁력 그리고 경영 노하우에 대한 전반적인 정보를 얻을 수 있도록 구성하였다.\n  제 Ⅱ 장에서는 곱창 및 막창 전문점 핵심 경영 요소인  창업절차 및 경영 체크리스트와 상권 및 입지분석, 사업계획 수립 및 사업성 분석과 성공 창업 전략을 세밀하게 다루었다.\n  제 Ⅲ 장에서는 곱창 막창 상품재료의 선택 및 관리에 대한 정보를 얻을 수 있도록 했다. 유통 관리 현황부터 시작해 품질 관리와 메뉴 구성, 재료의 관리와 손질에 대한 전반적인 내용을 살펴볼 수 있도록 구성하였다.\n  제 Ⅳ 장에서는 곱창 및 막창 리딩브랜드의 성공전략과, 신생브랜드의 틈새 성공전략에 대해 알아볼 수 있도록 구성하였다.", "genres": [], "keywords": []}}, {"model": "kkubook.book", "pk": 17, "fields": {"isbn": "9788925533421", "title": "설렘(떨림 그 두번째 이야기) (떨림 그 두 번째 이야기)", "author": "김훈^양귀자^박범신^이순원^김규나", "publisher": "랜덤하우스코리아", "cover_image": "https://shopping-phinf.pstatic.net/main_3243631/32436317897.20221019110507.jpg", "description": "나를 설레게 한 그, 그녀들…\n우리시대 대표 작가 14인이 맑고 눈부신 언어로 차려낸 사랑의 성찬\n\n이 시대의 진정한 사랑에 대해 탐색해 보는『셀렘』. 이 책은 김훈과 양귀자, 박범신, 이순원 등 대표 작가 14명이 자신들의 짝사랑과 첫사랑 등 연애에 대한 이야기를 진솔하고 거침없이 그러나 애잔하게 들려준다. 또 사랑을 주제로 한 에세이집에 그림을 선보여 온 일러스트레이터 클로이의 감성적인 일러스트를 수록해 사랑이야기의 깊이를 더한다. \n\n《셀렘》은 순정만화 주인공과의 사랑을 뒤로하고 결혼 한 남편과의 이야기와 질긴 인연, 지금은 아련해진 첫 경험, 의붓자식에 대한 특별한 사랑, 순수한 첫사랑, 황혼의 사랑, 괴짜 선배와의 결혼담 등등 사랑이라는 이름 속에 기억되는 이야기를 담담하게 풀어낸다. \n\n이 책은 작가들은 가슴 속 깊이에서 샘솟아 나는 사랑에 대한 감정들을 가감 없이 들려주면서 결국 사랑이란 모든 것을 이겨내는 힘이며 사랑의 상처와 추억은 살아가는 힘이 되어주기도 한다는 사실을 이야기한다. 때로는 가슴 저리고, 때로는 가슴 떨리고, 파격적이고, 솔직한 작가들의 소설이 아닌 진짜 연애담을 만나보자.", "genres": ["에세이"], "keywords": ["사랑", "연애", "작가들의 이야기"]}}, {"model": "kkubook.book", "pk": 18, "fields": {"isbn": "9791193702192", "title": "청소부", "author": "김훤구", "publisher": "한맥문학출판부", "cover_image": "https://shopping-phinf.pstatic.net/main_5338974/53389743206.20250306093310.jpg", "description": "", "genres": [], "keywords": []}}, {"model": "kkubook.book", "pk": 19, "fields": {"isbn": "9791186198377", "title": "폰트의 맛 (브랜드의 음역을 조율하다)", "author": "세라 하인드먼", "publisher": "홍디자인", "cover_image": "https://shopping-phinf.pstatic.net/main_3245689/32456894240.20250128071145.jpg", "description": "폰트를 읽으면 보이지 않던 것이 보이고, 폰트를 사용할 줄 알면 디자인이 달라진다!\n\n그래픽디자이너이자 서체 연구가로 20년 이상 일하며 여러 기업과 단체를 위해 컨설팅 활동을 병행한 세라 하인드먼이 안내하는 타이포그래피의 세계 『폰트의 맛』. 디자인의 기본 영역 중 하나인 타이포그래피에 대해 어렵지 않게 설명한 개론서이자 입문서이다. 글자의 모양에 대해서는 디자이너만 알면 되는 걸까? 폰트는 이제 더 이상 괴짜나 그래픽디자이너만의 것이 아니다. 이 책에는 우리의 감정, 감각, 심지어 입맛에까지 영향을 미치는 폰트에 관한 매혹적인 내용들이 담겨 있다.\n\n타이포그래피의 역사와 기본 개념을 명쾌하게 짚어 주고, 서체 하나하나에 얽힌 이야기와 흥미로운 서체 사용 사례를 다채롭게 풀어내면서 브랜드 가치와 언론 신뢰도에 영향을 미치고 학점을 바꿀 수도 있고 심지어 음식의 맛도 바꿀 수 있는 서체가 인간의 의식과 잠재의식을 오가며 끼치는 크고 작은 영향을 밝혀 알려 준다. 저자가 오랜 기간 실험과 설문연구를 통해 수집한 참신하고 재미있는 영감을 아낌없이 나눈다. \n\n이 책에 담긴 이야기들을 읽고 나면 사탕껍질에서 TV 자막과 책 표지까지 우리를 둘러싼 폰트들이 다시 보이고, 이들이 언어와 조형의 세계를 넘나들며 벌이는 유희를 맛볼 수 있다. 일반 독자들에게는 이처럼 타이포그래피가 세상과 소통하고 사람을 이해하는 상식이고 자기표현의 중요한 매체라는 것을 알게 해주고, 인상적인 서체 개발과 그래픽디자인 비결을 원하는 사람들에게는 저자 특유의 감각과 혜안을 전수받을 수 있는 기회를 전해준다.", "genres": [], "keywords": []}}, {"model": "kkubook.book", "pk": 20, "fields": {"isbn": "9791194084136", "title": "레베기의 유튜브 콘텐츠 POWER 법칙 (기술이 콘텐츠가 되고, 콘텐츠가 비즈니스가 되는 유튜브 신분 상승의 모든 것)", "author": "레베기", "publisher": "리코멘드", "cover_image": "https://shopping-phinf.pstatic.net/main_5463169/54631699563.20250510091817.jpg", "description": "★ 기술이 콘텐츠가 되는 순간, 당신의 재주는 세상을 사로잡을 것이다\n47만 구독자에 달하는 인기 유튜브 채널 〈레베기의 이상한 아뜰리에 LEBEGI〉의 주인, 레베기가 자신만의 독특한 가죽 공예 영상으로 수많은 사람들을 사로잡은 비결을 아낌없이 풀어냈다. 『레베기의 유튜브 콘텐츠 P.O.W.E.R 법칙』은 수년간 여러 플랫폼을 아우르며 콘텐츠를 쌓아온 그의 실제 경험과 노하우를 바탕으로, 평범한 기술이 어떻게 사람들의 공감을 얻고 수익으로 전환될 수 있는지를 보여 주는 책이다.\n레베기는 가죽 공예 콘텐츠를 주로 만들지만 이 책의 논점은 가죽 공예가 아니다. 자신만의 기술과 노하우를 어떻게 하면 획기적인 영상 콘텐츠로 풀어 내어 시청자들의 눈길을 붙잡는지를 치열하게 고민한 흔적이 담겨 있다. 기술자라면 이제 유튜브부터 시작하라고 권하는 그는, 유튜브라는 플랫폼을 통해 자신이 가진 기술을 무한한 가능성으로 둔갑시켜 세상에 영향력을 키워나가도록 독자들을 이끈다.", "genres": [], "keywords": []}}, {"model": "kkubook.book", "pk": 21, "fields": {"isbn": "9788960884298", "title": "버츄얼 유튜버 모델링 제작 A to Z LIVE2D 모델링 따라하기 (버츄얼 유튜버 모델링 A to Z)", "author": "노아님^까마귀찹쌀떡", "publisher": "디지털북스", "cover_image": "https://shopping-phinf.pstatic.net/main_4064132/40641324628.20230711114019.jpg", "description": "나만의 버츄얼 유튜버(Virtual Youtuber) 캐릭터를 만들어보자!\n\n이 책은 버츄얼 유튜버 모델링 제작 방법을 다룹니다. 일러스트를 분해하여 움직일 수 있도록 설정하는 다양한 방법과 자연스러운 움직임을 만들기 위한 팁을 배워봅시다.\n또 캐릭터에 개성을 부여하는 다양한 요소(동물 귀, 동물 꼬리, 액세서리 등)를 적용하는 방법과 캐릭터를 방송에 송출하는 방법도 포함되어있으니 자신의 일러스트로 버츄얼 유튜버를 하고 싶은 사람이라면 좋은 지침서가 되리라고 생각합니다.", "genres": [], "keywords": []}}, {"model": "kkubook.book", "pk": 22, "fields": {"isbn": "9788981455668", "title": "바람 앞에 서라 (윤고방 자전시집)", "author": "윤고방", "publisher": "이화문화출판사", "cover_image": "https://shopping-phinf.pstatic.net/main_3249361/32493619275.20221019124835.jpg", "description": "그림과 산문이 있는 윤고방 자전시집. 시와 직접 그린 그림, 산문을 함께 담아 수록하였다.", "genres": [], "keywords": []}}, {"model": "kkubook.book", "pk": 23, "fields": {"isbn": "9788954435949", "title": "금연학교 (박현숙 장편소설)", "author": "박현숙", "publisher": "자음과모음", "cover_image": "https://shopping-phinf.pstatic.net/main_3249077/32490772854.20230920072447.jpg", "description": "박현숙 장편소설『금연학교』. 자음과모음 청소년문학 시리즈의 쉰다섯 번째 작품으로, 순박한 감수성과 동심 가득한 상상력으로 다수의 동화를 써온 박현숙 작가의 세 번째 청소년 소설이다. 친구가 담배를 피우는 모습에 반해 담배를 시작한 감성돈이 고작 열여섯이란 나이에 살인사건에 휘말리고 금연학교에 입소하는 과정을 흥미진진하게 그렸다.", "genres": [], "keywords": []}}, {"model": "kkubook.book", "pk": 24, "fields": {"isbn": "9788996695882", "title": "단칼 금연 (쉽고 강력한 금연 최면 & 무의식 기공법)", "author": "나하연", "publisher": "모루와정", "cover_image": "https://shopping-phinf.pstatic.net/main_3248566/32485663781.20220527051326.jpg", "description": "『단칼 금연』은 최면요법과 여러 가지 명상, 기공, 그리고 NLP(Neuro Linguistic Programming)의 핵심을 금연에 접목해 제시한다. 이 책에서 제시한 최면용법과 4가지 명상, 8가지 기공은 중국과 인도, 하와이에서 전래돼 온 수련 방법들을 망라하여 금연에 응용한 것이다. 부록에서는 금연에 도움이 되는 일상 음식 11가지를 추려 그 효능을 한의학적 원리와 함께 소개하고 있다.", "genres": [], "keywords": []}}, {"model": "kkubook.book", "pk": 25, "fields": {"isbn": "9788996040811", "title": "금연 분투기 (골초 이 과장의 죽자사자)", "author": "이현우", "publisher": "고래북스", "cover_image": "https://shopping-phinf.pstatic.net/main_3249267/32492672732.20240717072349.jpg", "description": "보건복지부에서 우수건강도서로 선정했고, 청소년에서 직장인까지 모두가 볼 수 있는 재미있는 금연 책이다. 평범한 샐러리맨이 20여 년의 흡연 과정을 일기 형식으로 기록한 금연 분투기로 담배 끊는 방법을 몸으로 경험하게 해준다. 금연을 한 번이라도 시도해 본 사람이면 누구나 공감할 내용을 담았다. 이 책은 10명 중 1ㆍ2명만이 성공할 정도로 힘들다는 처절한 금연 과정을 하루하루의 일상생활과 연결시켜 재미있고 유쾌하게 보여주면서, 간접 경험을 통해 금연 방법을 저절로 알 수 있도록 하였다.", "genres": [], "keywords": []}}, {"model": "kkubook.book", "pk": 26, "fields": {"isbn": "9791190931045", "title": "일도 사랑도 일단 한잔 마시고 (음주욕)", "author": "권용득", "publisher": "드렁큰에디터", "cover_image": "https://shopping-phinf.pstatic.net/main_3248320/32483209055.20230906071258.jpg", "description": "한 달에 한 권씩 만나는 \n먼슬리에세이 시리즈의 세 번째 책\n\n왜 취하는가, 어차피 깰 건데\n왜 사는가, 어차피 죽을 건데\n\n“술은 왜 마시는가? ‘음주욕’을 주제로 책까지 내는 판에 한 번쯤 정면으로 마주했어야 하는 질문이다. 그런데 나는 이 책의 원고를 쓰는 동안에도 그 질문만큼은 애써 피해왔다. 다시, 술은 왜 마시는가? 그랬더니 엉뚱한 질문만 이어졌다. 공복인데 방귀는 왜 뀌는가? 가렵지도 않은 콧구멍은 왜 후비는가? 안 팔리는 글은 왜 쓰는가? 나는 왜 사는가? 결국 답 없는 질문의 끝판왕이나 다름없는 ‘나는 왜 사는가?’까지 나왔다.\n내일의 내가 술 마시는 오늘의 나를 멱살 잡고 싶더라도, 지금 당장 즐겁고 싶다. 적어도 나는 술을 마시는 동안에는 알 수 없는 내일보다 ‘지금 이 순간’을 아낄 수 있었다. 왜 마시는지 모르고 마셨지만 술 마시는 매순간 즐거울 수 있었다면, 그것만으로도 나쁘지 않다.”\n\n우리 이제 솔직히 털어놔봅시다\n내 안의 욕망, ‘음주욕’에 대해\n\n술은 마시면 되지 책까지 읽을 일인가. 그런 생각이 든다면 이 책이 딱이다. 술에 대한 지식, 역사, 교양… 그런 거 없다. 술에 대한 신념이나 철학, 그런 것도 이 책과는 멀다. 그냥 오늘도 한잔 마신다. 본업은 만화가, 부업은 에세이스트지만 만화는 안 그려지고 글은 안 팔린다. 먹고사는 일은 괴롭고, 그래서 또 술 한잔 생각이 난다. \n퀴퀴하고 짠내 나는 일상, 그럴 듯한 포장도 없이 시시콜콜하게 펼쳐진 생활은 그저 시덥잖은 농담으로 가득 차 있다. 일이 많아서, 일이 없어서, 연애가 시작돼서, 연애가 망해서, 날이 좋아서, 날이 좋지 않아서… 술꾼의 술 마실 핑계는 오늘도 무궁무진하다. 어쩌면 이건, 팍팍한 하루를 시원한 맥주 한잔으로 씻어내는 우리 모두의 얘기일 수도 있다. \n커피 한잔을 마시며 쓰는 글과 술 한잔 마시고 쓰는 글은 같지 않다. 커피 한잔을 두고 나누는 대화와 술 한잔 마시며 나누는 대화도 같을 수 없다. 일도 사랑도, 그러니까 일단 한잔 마시고. 요즘 같은 여름 밤, 혼술하며 읽기에 딱 좋은 책이다.", "genres": [], "keywords": []}}, {"model": "kkubook.book", "pk": 27, "fields": {"isbn": "9791193790403", "title": "해리 포터와 마법사의 돌 1", "author": "조앤 K. 롤링", "publisher": "문학수첩", "cover_image": "https://shopping-phinf.pstatic.net/main_5118281/51182815714.20241105090357.jpg", "description": "해리 포터 세대의, 해리 포터 세대를 위한, 해리 포터 세대에 의한 새 번역!\n‘21세기 대표 아이콘’에 걸맞은 완성도 높은 작품으로 재탄생하다!\n\n1997년 영국에서 출간된 이래 《해리 포터》 시리즈는 지금까지 200개국 이상 80개의 언어로 번역되고 출간되어 5억 부 이상을 판매했다. 국내에서도 1999년 《해리 포터와 마법사의 돌》의 출간을 필두로 지금까지 약 1,500만 부가 판매되었으며, 현재에도 독자들에게 변함없는 사랑을 받고 있다. 이 시리즈는 여덟 편의 영화로도 제작되어 전 세계 곳곳에서 흥행을 거두었고, 영화와 관련된 새로운 도서가 출간되고 테마 파크가 조성되는 등 놀라운 기현상을 빚어냈다. \n뿐만 아니라 《해리 포터》 시리즈에서 또 다른 작품들이 문화상품으로 파생되어 지금도 꾸준히 독자들을 만나고 있다. ‘해리 포터’의 다음 세대인 자녀들의 이야기를 다룬 《해리 포터와 저주 받은 아이》는 시나리오로 출간된 이후 연극으로 만들어져 영국을 시작으로 미국, 호주, 독일, 캐나다 등 세계 곳곳에서 열띤 호응을 얻으며 공연 중이고, 《해리 포터》의 세계관이 확장된 《신비한 동물 사전》 시리즈는 계속해서 영화로 제작되고 있다. 이제 《해리 포터》는 소설이라는 단순한 문학 장르에 머무르지 않고 ‘21세기를 대표하는 시대의 아이콘’으로 불리며 일종의 사회문화 현상으로 받아들여지고 있다. \n이번에 출간하는 《해리 포터》 시리즈는 지난 2019년에 새로운 번역을 선보인 버전이다. 7권 《해리 포터와 죽음의 성물》로 완간된 기존의 《해리 포터》 시리즈는 빈틈없는 소설적 구성과 생생한 캐릭터 그리고 마법 세계를 정교하게 묘사하며 풍부한 상상력이 돋보이면서도 정밀한 세계관을 구축해 나갔다. 하지만 지금까지 출간된 책들은 J.K. 롤링이 펼쳐 나가는 판타지 세계의 규모가 어느 정도이며 그 속에 어떠한 소설적 장치를 심어 놓았는지 알 수 없는 상태에서 번역 작업이 이루어졌다. 또한 1~7편 모두 완결성을 갖추었지만, 시리즈의 특성상 편과 편을 이어 주며 작품 전체를 관통하는 서사의 개연성과 완결성은 마지막 편이 출간된 이후에나 파악할 수밖에 없었다. 그러다 보니 작가가 어느 장면에 복선을 깔아 두었고, 어느 장면이 작가가 창조한 세계관을 이해하는 중요한 역할을 하는지 의미를 파악하며 번역하기에는 한계가 있었다.\n이 《해리 포터》 시리즈에는 J.K. 롤링이 작품 속에 이룩해놓은 문학적 성취가 완벽하게 구현되어 있다. 복선과 반전을 선사하는 문학적 장치들을 보다 정교하고 세련되게 다듬었으며, 인물들 사이의 관계나 그들의 숨겨진 비밀 그리고 성격이 도드라지는 말투의 미세한 뉘앙스까지 점검했다. 《해리 포터》의 세계에 처음 발을 들여놓는 독자는 물론, 그동안 《해리 포터》의 세계를 즐겨 찾아왔던 독자 모두에게 완성도 높은 만족과 감동을 선사할 것이다.\n\n‘해리 포터 키즈’가 완벽하게 구현한 J.K. 롤링의 마법 세계!\n우리 시대에 가장 사랑받는 ‘21세기의 고전’을 고전답게 재해석하다!\n\n출간된 지 20년이 지났어도 《해리 포터》 시리즈가 전 세계에서 끊임없이 사랑을 받는 이유는 무엇일까? 그것은 매혹적이고 환상적인 이야기로 남녀노소의 구분 없이 오랫동안 전 연령의 독자층의 이목을 사로잡았기 때문이다. 보통 흥행하는 도서, 영화 등의 문화상품은 특정한 팬덤층이 형성되어 일시적인 유행을 이끄는 데 비해 《해리 포터》는 유례를 찾아볼 수 없을 만큼 특정 층에 국한되지 않고 책을 좋아하는 대다수 독자층의 지지를 얻고 있다. 이러한 현상이 20년 동안 지속되다 보니, 청소년 시절 《해리 포터》를 경험했던 1세대들이 부모 세대가 되어 자녀에게 소개시켜주면서 시간이 흐를수록 새로운 독자층이 생겨나고 있다.\n다음 세대를 위해 새롭게 번역 작업을 한 강동혁 역자 또한 중학생 시절 《해리 포터》에 흠뻑 빠져든 ‘해리 포터 키즈’였다. 그는 독서의 즐거움에 그치지 않고 직접 포털사이트에 ‘호그와트 마법학교’라는 카페를 만들어 ‘해리 포터’ 세계의 이모저모를 수많은 카페 회원들과 공유했고, 대학의 영어영문학과에 진학해서는 제프리 초서나 셰익스피어 같은 영문학에서 큰 비중을 차지하는 작가들의 작품과 《해리 포터》 시리즈를 친구들과 비교·분석하기도 했다. \n한편으로 그는 성인이 되어 원서를 접하게 되면서 독자 입장에서 아쉬움을 느끼기도 했다. 사실 20년 전만 해도 ‘판타지’는 국내 문학시장에서는 전문적인 장르로 인정받지 못했고, 호그와트에 입학하는 어린 해리가 주인공으로 등장하는 《해리 포터》는 더더욱 ‘어린이들이 읽는 책’이라는 공고한 선입견을 떼어 낼 수 없었다. 그 때문에 기존 번역본에서는 몰입감과 가독성을 높여 주는 장점을 살렸지만, 주된 독자층인 청소년에 맞춰 번역 과정에서 어휘를 조절해야 했다. 역자는 성인이 된 1세대들도 꾸준히 읽는 ‘고전’이 된 만큼, 이번 시리즈는 작가의 은유와 비유적인 표현은 물론 의도를 독자들이 생생하게 느낄 수 있는 데 번역의 주안점을 삼았다. 기존 번역본에서 순화된 표현이나 미묘한 뉘앙스의 차이 또한 꼼꼼하게 검토하고 크고 작은 톱니바퀴를 만들 듯 세밀하게 보완했다.\n역자는 해리 포터를 처음 만나는 어린 세대가 20년이 지나 성인의 눈높이에서 읽어도 어색함 없이 책을 통해 ‘해리 포터’ 세계를 경험하며 기쁨을 만끽할 수 있도록 고전의 깊이로 담아냈다.", "genres": ["소설"], "keywords": ["판타지", "마법", "해리포터"]}}, {"model": "kkubook.book", "pk": 28, "fields": {"isbn": "9791193790687", "title": "해리 포터와 불의 잔 1", "author": "조앤 K. 롤링", "publisher": "문학수첩", "cover_image": "https://shopping-phinf.pstatic.net/main_5293558/52935580147.20250212092437.jpg", "description": "해리 포터 세대의, 해리 포터 세대를 위한, 해리 포터 세대에 의한 새 번역!\n‘21세기 대표 아이콘’에 걸맞은 완성도 높은 작품으로 재탄생하다!\n\n1997년 영국에서 출간된 이래 《해리 포터》 시리즈는 지금까지 200개국 이상 80개의 언어로 번역되고 출간되어 5억 부 이상을 판매했다. 국내에서도 1999년 《해리 포터와 마법사의 돌》의 출간을 필두로 지금까지 약 1,500만 부가 판매되었으며, 현재에도 독자들에게 변함없는 사랑을 받고 있다. 이 시리즈는 여덟 편의 영화로도 제작되어 전 세계 곳곳에서 흥행을 거두었고, 영화와 관련된 새로운 도서가 출간되고 테마 파크가 조성되는 등 놀라운 기현상을 빚어냈다. \n뿐만 아니라 《해리 포터》 시리즈에서 또 다른 작품들이 문화상품으로 파생되어 지금도 꾸준히 독자들을 만나고 있다. ‘해리 포터’의 다음 세대인 자녀들의 이야기를 다룬 《해리 포터와 저주 받은 아이》는 시나리오로 출간된 이후 연극으로 만들어져 영국을 시작으로 미국, 호주, 독일, 캐나다 등 세계 곳곳에서 열띤 호응을 얻으며 공연 중이고, 《해리 포터》의 세계관이 확장된 《신비한 동물 사전》 시리즈는 계속해서 영화로 제작되고 있다. 이제 《해리 포터》는 소설이라는 단순한 문학 장르에 머무르지 않고 ‘21세기를 대표하는 시대의 아이콘’으로 불리며 일종의 사회문화 현상으로 받아들여지고 있다. \n이번에 출간하는 《해리 포터》 시리즈는 지난 2019년에 새로운 번역을 선보인 버전이다. 7권 《해리 포터와 죽음의 성물》로 완간된 기존의 《해리 포터》 시리즈는 빈틈없는 소설적 구성과 생생한 캐릭터 그리고 마법 세계를 정교하게 묘사하며 풍부한 상상력이 돋보이면서도 정밀한 세계관을 구축해 나갔다. 하지만 지금까지 출간된 책들은 J.K. 롤링이 펼쳐 나가는 판타지 세계의 규모가 어느 정도이며 그 속에 어떠한 소설적 장치를 심어 놓았는지 알 수 없는 상태에서 번역 작업이 이루어졌다. 또한 1~7편 모두 완결성을 갖추었지만, 시리즈의 특성상 편과 편을 이어 주며 작품 전체를 관통하는 서사의 개연성과 완결성은 마지막 편이 출간된 이후에나 파악할 수밖에 없었다. 그러다 보니 작가가 어느 장면에 복선을 깔아 두었고, 어느 장면이 작가가 창조한 세계관을 이해하는 중요한 역할을 하는지 의미를 파악하며 번역하기에는 한계가 있었다.\n이 《해리 포터》 시리즈에는 J.K. 롤링이 작품 속에 이룩해놓은 문학적 성취가 완벽하게 구현되어 있다. 복선과 반전을 선사하는 문학적 장치들을 보다 정교하고 세련되게 다듬었으며, 인물들 사이의 관계나 그들의 숨겨진 비밀 그리고 성격이 도드라지는 말투의 미세한 뉘앙스까지 점검했다. 《해리 포터》의 세계에 처음 발을 들여놓는 독자는 물론, 그동안 《해리 포터》의 세계를 즐겨 찾아왔던 독자 모두에게 완성도 높은 만족과 감동을 선사할 것이다.", "genres": [], "keywords": []}}, {"model": "kkubook.book", "pk": 29, "fields": {"isbn": "9791193790663", "title": "해리 포터와 비밀의 방", "author": "조앤 K. 롤링", "publisher": "문학수첩", "cover_image": "https://shopping-phinf.pstatic.net/main_5225495/52254959625.20250104071310.jpg", "description": "해리 포터 세대의, 해리 포터 세대를 위한, 해리 포터 세대에 의한 새 번역!\n‘21세기 대표 아이콘’에 걸맞은 완성도 높은 작품으로 재탄생하다!\n\n1997년 영국에서 출간된 이래 《해리 포터》 시리즈는 지금까지 200개국 이상 80개의 언어로 번역되고 출간되어 5억 부 이상을 판매했다. 국내에서도 1999년 《해리 포터와 마법사의 돌》의 출간을 필두로 지금까지 약 1,500만 부가 판매되었으며, 현재에도 독자들에게 변함없는 사랑을 받고 있다. 이 시리즈는 여덟 편의 영화로도 제작되어 전 세계 곳곳에서 흥행을 거두었고, 영화와 관련된 새로운 도서가 출간되고 테마 파크가 조성되는 등 놀라운 기현상을 빚어냈다. \n뿐만 아니라 《해리 포터》 시리즈에서 또 다른 작품들이 문화상품으로 파생되어 지금도 꾸준히 독자들을 만나고 있다. ‘해리 포터’의 다음 세대인 자녀들의 이야기를 다룬 《해리 포터와 저주 받은 아이》는 시나리오로 출간된 이후 연극으로 만들어져 영국을 시작으로 미국, 호주, 독일, 캐나다 등 세계 곳곳에서 열띤 호응을 얻으며 공연 중이고, 《해리 포터》의 세계관이 확장된 《신비한 동물 사전》 시리즈는 계속해서 영화로 제작되고 있다. 이제 《해리 포터》는 소설이라는 단순한 문학 장르에 머무르지 않고 ‘21세기를 대표하는 시대의 아이콘’으로 불리며 일종의 사회문화 현상으로 받아들여지고 있다. \n이번에 출간하는 《해리 포터》 시리즈는 지난 2019년에 새로운 번역을 선보인 버전이다. 7권 《해리 포터와 죽음의 성물》로 완간된 기존의 《해리 포터》 시리즈는 빈틈없는 소설적 구성과 생생한 캐릭터 그리고 마법 세계를 정교하게 묘사하며 풍부한 상상력이 돋보이면서도 정밀한 세계관을 구축해 나갔다. 하지만 지금까지 출간된 책들은 J.K. 롤링이 펼쳐 나가는 판타지 세계의 규모가 어느 정도이며 그 속에 어떠한 소설적 장치를 심어 놓았는지 알 수 없는 상태에서 번역 작업이 이루어졌다. 또한 1~7편 모두 완결성을 갖추었지만, 시리즈의 특성상 편과 편을 이어 주며 작품 전체를 관통하는 서사의 개연성과 완결성은 마지막 편이 출간된 이후에나 파악할 수밖에 없었다. 그러다 보니 작가가 어느 장면에 복선을 깔아 두었고, 어느 장면이 작가가 창조한 세계관을 이해하는 중요한 역할을 하는지 의미를 파악하며 번역하기에는 한계가 있었다.\n이 《해리 포터》 시리즈에는 J.K. 롤링이 작품 속에 이룩해놓은 문학적 성취가 완벽하게 구현되어 있다. 복선과 반전을 선사하는 문학적 장치들을 보다 정교하고 세련되게 다듬었으며, 인물들 사이의 관계나 그들의 숨겨진 비밀 그리고 성격이 도드라지는 말투의 미세한 뉘앙스까지 점검했다. 《해리 포터》의 세계에 처음 발을 들여놓는 독자는 물론, 그동안 《해리 포터》의 세계를 즐겨 찾아왔던 독자 모두에게 완성도 높은 만족과 감동을 선사할 것이다.", "genres": [], "keywords": []}}, {"model": "kkubook.book", "pk": 30, "fields": {"isbn": "9791193790694", "title": "해리 포터와 불의 잔 2", "author": "조앤 K. 롤링", "publisher": "문학수첩", "cover_image": "https://shopping-phinf.pstatic.net/main_5293558/52935580096.20250212092437.jpg", "description": "해리 포터 세대의, 해리 포터 세대를 위한, 해리 포터 세대에 의한 새 번역!\n‘21세기 대표 아이콘’에 걸맞은 완성도 높은 작품으로 재탄생하다!\n\n1997년 영국에서 출간된 이래 《해리 포터》 시리즈는 지금까지 200개국 이상 80개의 언어로 번역되고 출간되어 5억 부 이상을 판매했다. 국내에서도 1999년 《해리 포터와 마법사의 돌》의 출간을 필두로 지금까지 약 1,500만 부가 판매되었으며, 현재에도 독자들에게 변함없는 사랑을 받고 있다. 이 시리즈는 여덟 편의 영화로도 제작되어 전 세계 곳곳에서 흥행을 거두었고, 영화와 관련된 새로운 도서가 출간되고 테마 파크가 조성되는 등 놀라운 기현상을 빚어냈다. \n뿐만 아니라 《해리 포터》 시리즈에서 또 다른 작품들이 문화상품으로 파생되어 지금도 꾸준히 독자들을 만나고 있다. ‘해리 포터’의 다음 세대인 자녀들의 이야기를 다룬 《해리 포터와 저주 받은 아이》는 시나리오로 출간된 이후 연극으로 만들어져 영국을 시작으로 미국, 호주, 독일, 캐나다 등 세계 곳곳에서 열띤 호응을 얻으며 공연 중이고, 《해리 포터》의 세계관이 확장된 《신비한 동물 사전》 시리즈는 계속해서 영화로 제작되고 있다. 이제 《해리 포터》는 소설이라는 단순한 문학 장르에 머무르지 않고 ‘21세기를 대표하는 시대의 아이콘’으로 불리며 일종의 사회문화 현상으로 받아들여지고 있다. \n이번에 출간하는 《해리 포터》 시리즈는 지난 2019년에 새로운 번역을 선보인 버전이다. 7권 《해리 포터와 죽음의 성물》로 완간된 기존의 《해리 포터》 시리즈는 빈틈없는 소설적 구성과 생생한 캐릭터 그리고 마법 세계를 정교하게 묘사하며 풍부한 상상력이 돋보이면서도 정밀한 세계관을 구축해 나갔다. 하지만 지금까지 출간된 책들은 J.K. 롤링이 펼쳐 나가는 판타지 세계의 규모가 어느 정도이며 그 속에 어떠한 소설적 장치를 심어 놓았는지 알 수 없는 상태에서 번역 작업이 이루어졌다. 또한 1~7편 모두 완결성을 갖추었지만, 시리즈의 특성상 편과 편을 이어 주며 작품 전체를 관통하는 서사의 개연성과 완결성은 마지막 편이 출간된 이후에나 파악할 수밖에 없었다. 그러다 보니 작가가 어느 장면에 복선을 깔아 두었고, 어느 장면이 작가가 창조한 세계관을 이해하는 중요한 역할을 하는지 의미를 파악하며 번역하기에는 한계가 있었다.\n이 《해리 포터》 시리즈에는 J.K. 롤링이 작품 속에 이룩해놓은 문학적 성취가 완벽하게 구현되어 있다. 복선과 반전을 선사하는 문학적 장치들을 보다 정교하고 세련되게 다듬었으며, 인물들 사이의 관계나 그들의 숨겨진 비밀 그리고 성격이 도드라지는 말투의 미세한 뉘앙스까지 점검했다. 《해리 포터》의 세계에 처음 발을 들여놓는 독자는 물론, 그동안 《해리 포터》의 세계를 즐겨 찾아왔던 독자 모두에게 완성도 높은 만족과 감동을 선사할 것이다.", "genres": [], "keywords": []}}, {"model": "kkubook.readingrecord", "pk": 1, "fields": {"user": 1, "book": 1, "pages": 130, "created_at": "2025-05-27", "last_updated": "2025-05-27", "is_finished": true, "quiz_completed": true}}, {"model": "kkubook.readingrecord", "pk": 2, "fields": {"user": 1, "book": 2, "pages": 0, "created_at": "2025-05-27", "last_updated": null, "is_finished": true, "quiz_completed": true}}, {"model": "kkubook.readingrecord", "pk": 3, "fields": {"user": 3, "book": 3, "pages": 0, "created_at": "2025-05-27", "last_updated": null, "is_finished": true, "quiz_completed": true}}, {"model": "kkubook.readingrecord", "pk": 4, "fields": {"user": 3, "book": 4, "pages": 0, "created_at": "2025-05-27", "last_updated": null, "is_finished": true, "quiz_completed": true}}, {"model": "kkubook.readingrecord", "pk": 5, "fields": {"user": 4, "book": 6, "pages": 0, "created_at": "2025-05-27", "last_updated": null, "is_finished": true, "quiz_completed": true}}, {"model": "kkubook.readingrecord", "pk": 6, "fields": {"user": 4, "book": 7, "pages": 0, "created_at": "2025-05-27", "last_updated": null, "is_finished": true, "quiz_completed": true}}, {"model": "kkubook.readingrecord", "pk": 7, "fields": {"user": 4, "book": 8, "pages": 0, "created_at": "2025-05-27", "last_updated": null, "is_finished": true, "quiz_completed": true}}, {"model": "kkubook.readingrecord", "pk": 8, "fields": {"user": 4, "book": 9, "pages": 233, "created_at": "2025-05-27", "last_updated": "2025-05-27", "is_finished": true, "quiz_completed": true}}, {"model": "kkubook.readingrecord", "pk": 9, "fields": {"user": 5, "book": 10, "pages": 0, "created_at": "2025-05-27", "last_updated": null, "is_finished": true, "quiz_completed": true}}, {"model": "kkubook.readingrecord", "pk": 10, "fields": {"user": 6, "book": 11, "pages": 0, "created_at": "2025-05-27", "last_updated": null, "is_finished": true, "quiz_completed": true}}, {"model": "kkubook.readingrecord", "pk": 11, "fields": {"user": 6, "book": 12, "pages": 0, "created_at": "2025-05-27", "last_updated": null, "is_finished": true, "quiz_completed": true}}, {"model": "kkubook.readingrecord", "pk": 12, "fields": {"user": 7, "book": 13, "pages": 0, "created_at": "2025-05-27", "last_updated": null, "is_finished": true, "quiz_completed": true}}, {"model": "kkubook.readingrecord", "pk": 13, "fields": {"user": 7, "book": 14, "pages": 120, "created_at": "2025-05-27", "last_updated": "2025-05-27", "is_finished": false, "quiz_completed": false}}, {"model": "kkubook.readingrecord", "pk": 14, "fields": {"user": 8, "book": 15, "pages": 0, "created_at": "2025-05-27", "last_updated": null, "is_finished": true, "quiz_completed": true}}, {"model": "kkubook.readingrecord", "pk": 15, "fields": {"user": 9, "book": 16, "pages": 0, "created_at": "2025-05-27", "last_updated": null, "is_finished": true, "quiz_completed": true}}, {"model": "kkubook.readingrecord", "pk": 16, "fields": {"user": 11, "book": 17, "pages": 0, "created_at": "2025-05-27", "last_updated": null, "is_finished": true, "quiz_completed": true}}, {"model": "kkubook.readingrecord", "pk": 17, "fields": {"user": 12, "book": 18, "pages": 0, "created_at": "2025-05-27", "last_updated": null, "is_finished": true, "quiz_completed": true}}, {"model": "kkubook.readingrecord", "pk": 18, "fields": {"user": 13, "book": 19, "pages": 0, "created_at": "2025-05-27", "last_updated": null, "is_finished": true, "quiz_completed": true}}, {"model": "kkubook.readingrecord", "pk": 19, "fields": {"user": 13, "book": 20, "pages": 0, "created_at": "2025-05-27", "last_updated": null, "is_finished": true, "quiz_completed": true}}, {"model": "kkubook.readingrecord", "pk": 20, "fields": {"user": 15, "book": 21, "pages": 0, "created_at": "2025-05-27", "last_updated": null, "is_finished": true, "quiz_completed": true}}, {"model": "kkubook.readingrecord", "pk": 21, "fields": {"user": 15, "book": 21, "pages": 0, "created_at": "2025-05-27", "last_updated": null, "is_finished": true, "quiz_completed": false}}, {"model": "kkubook.readingrecord", "pk": 22, "fields": {"user": 16, "book": 22, "pages": 0, "created_at": "2025-05-27", "last_updated": null, "is_finished": true, "quiz_completed": true}}, {"model": "kkubook.readingrecord", "pk": 23, "fields": {"user": 17, "book": 23, "pages": 0, "created_at": "2025-05-27", "last_updated": null, "is_finished": true, "quiz_completed": true}}, {"model": "kkubook.readingrecord", "pk": 24, "fields": {"user": 17, "book": 24, "pages": 123, "created_at": "2025-05-27", "last_updated": "2025-05-27", "is_finished": true, "quiz_completed": true}}, {"model": "kkubook.readingrecord", "pk": 25, "fields": {"user": 17, "book": 25, "pages": 111, "created_at": "2025-05-27", "last_updated": "2025-05-27", "is_finished": false, "quiz_completed": false}}, {"model": "kkubook.readingrecord", "pk": 26, "fields": {"user": 19, "book": 26, "pages": 0, "created_at": "2025-05-27", "last_updated": null, "is_finished": true, "quiz_completed": true}}, {"model": "kkubook.readingrecord", "pk": 27, "fields": {"user": 20, "book": 27, "pages": 0, "created_at": "2025-05-27", "last_updated": null, "is_finished": true, "quiz_completed": true}}, {"model": "kkubook.readingrecord", "pk": 28, "fields": {"user": 21, "book": 27, "pages": 0, "created_at": "2025-05-27", "last_updated": null, "is_finished": true, "quiz_completed": true}}, {"model": "kkubook.review", "pk": 1, "fields": {"user": 1, "book": 1, "content": "이 책은 리액트를 배우기에 아주 좋습니다! 👍", "rating": 4, "created_at": "2025-05-27T04:23:09.263Z"}}, {"model": "kkubook.review", "pk": 2, "fields": {"user": 1, "book": 2, "content": "와 이 책 읽고 프론트의 신이 되었어요!!", "rating": 4, "created_at": "2025-05-27T04:31:42.604Z"}}, {"model": "kkubook.review", "pk": 3, "fields": {"user": 3, "book": 3, "content": "이 책 보고 여행다녀왔는데 진짜 유익한 책입니다!", "rating": 5, "created_at": "2025-05-27T04:35:52.264Z"}}, {"model": "kkubook.review", "pk": 4, "fields": {"user": 3, "book": 4, "content": "파리에 가고 싶게 만드는 책..", "rating": 4, "created_at": "2025-05-27T04:36:49.680Z"}}, {"model": "kkubook.review", "pk": 5, "fields": {"user": 4, "book": 6, "content": "이 책 읽고 개발에 대해 더 흥미를 갖게 되었어요!!", "rating": 5, "created_at": "2025-05-27T04:39:51.590Z"}}, {"model": "kkubook.review", "pk": 6, "fields": {"user": 4, "book": 7, "content": "노래도 책으로 공부할 수 있어요!", "rating": 5, "created_at": "2025-05-27T04:40:44.125Z"}}, {"model": "kkubook.review", "pk": 7, "fields": {"user": 4, "book": 8, "content": "발성을 알아야 노래를 하죠 암암", "rating": 3, "created_at": "2025-05-27T04:41:24.152Z"}}, {"model": "kkubook.review", "pk": 8, "fields": {"user": 4, "book": 9, "content": "국힙원탑 아이유.. 레전드책입니다..", "rating": 5, "created_at": "2025-05-27T04:42:11.076Z"}}, {"model": "kkubook.review", "pk": 9, "fields": {"user": 5, "book": 10, "content": "읽기 좋은 내용인 것 같네요", "rating": 5, "created_at": "2025-05-27T04:46:25.362Z"}}, {"model": "kkubook.review", "pk": 10, "fields": {"user": 6, "book": 11, "content": "개 레전드 책입니다", "rating": 5, "created_at": "2025-05-27T04:48:47.983Z"}}, {"model": "kkubook.review", "pk": 11, "fields": {"user": 6, "book": 12, "content": "물리는 모든곳에 있다", "rating": 4, "created_at": "2025-05-27T04:51:36.315Z"}}, {"model": "kkubook.review", "pk": 12, "fields": {"user": 7, "book": 13, "content": "한국 3대아나 - 쪼냑 류제홍 이순재", "rating": 5, "created_at": "2025-05-27T04:55:17.270Z"}}, {"model": "kkubook.review", "pk": 13, "fields": {"user": 8, "book": 15, "content": "난줄알았네", "rating": 4, "created_at": "2025-05-27T04:57:55.100Z"}}, {"model": "kkubook.review", "pk": 14, "fields": {"user": 9, "book": 16, "content": "아 막창 마렵다", "rating": 2, "created_at": "2025-05-27T05:02:00.866Z"}}, {"model": "kkubook.review", "pk": 15, "fields": {"user": 11, "book": 17, "content": "설렌다,,", "rating": 4, "created_at": "2025-05-27T05:05:26.859Z"}}, {"model": "kkubook.review", "pk": 16, "fields": {"user": 12, "book": 18, "content": "청소를 하자 청소를!", "rating": 4, "created_at": "2025-05-27T05:08:06.451Z"}}, {"model": "kkubook.review", "pk": 17, "fields": {"user": 13, "book": 19, "content": "폰트가 체고다", "rating": 4, "created_at": "2025-05-27T05:10:38.407Z"}}, {"model": "kkubook.review", "pk": 18, "fields": {"user": 13, "book": 20, "content": "파워유튜버.", "rating": 4, "created_at": "2025-05-27T05:11:27.289Z"}}, {"model": "kkubook.review", "pk": 19, "fields": {"user": 15, "book": 21, "content": "레전드버츄얼", "rating": 5, "created_at": "2025-05-27T05:29:06.178Z"}}, {"model": "kkubook.review", "pk": 20, "fields": {"user": 16, "book": 22, "content": "ㅋㅋ", "rating": 1, "created_at": "2025-05-27T05:30:11.390Z"}}, {"model": "kkubook.review", "pk": 21, "fields": {"user": 17, "book": 23, "content": "금연 성공", "rating": 5, "created_at": "2025-05-27T05:32:16.329Z"}}, {"model": "kkubook.review", "pk": 22, "fields": {"user": 17, "book": 24, "content": "ㄹㅈㄷ", "rating": 3, "created_at": "2025-05-27T05:34:37.048Z"}}, {"model": "kkubook.review", "pk": 23, "fields": {"user": 19, "book": 26, "content": "술좋지", "rating": 4, "created_at": "2025-05-27T05:37:35.642Z"}}, {"model": "kkubook.review", "pk": 24, "fields": {"user": 20, "book": 27, "content": "역시 해리포터입니다.", "rating": 5, "created_at": "2025-05-27T05:48:13.140Z"}}, {"model": "kkubook.review", "pk": 25, "fields": {"user": 20, "book": 28, "content": "대리포터", "rating": 5, "created_at": "2025-05-27T05:48:24.680Z"}}, {"model": "kkubook.review", "pk": 26, "fields": {"user": 20, "book": 30, "content": "역시 명작이야..", "rating": 5, "created_at": "2025-05-27T05:48:41.928Z"}}, {"model": "authtoken.token", "pk": "062bd2367984c4f43b1c30b261419b17b523d990", "fields": {"user": 5, "created": "2025-05-27T04:45:20.527Z"}}, {"model": "authtoken.token", "pk": "0b4400356292f43f4e0b41ef6eb9890c63b3bd30", "fields": {"user": 8, "created": "2025-05-27T04:57:03.974Z"}}, {"model": "authtoken.token", "pk": "110e03127f3fbd2c1145f62a1550685e313b88bf", "fields": {"user": 4, "created": "2025-05-27T04:38:59.627Z"}}, {"model": "authtoken.token", "pk": "1537d182105495c496477e7adaa9c0621ecbd565", "fields": {"user": 19, "created": "2025-05-27T05:36:18.239Z"}}, {"model": "authtoken.token", "pk": "2106e236341e35a47530278f6566670f8ae5d141", "fields": {"user": 14, "created": "2025-05-27T05:12:59.165Z"}}, {"model": "authtoken.token", "pk": "2aac3dc2fedf439218d8d4249125cdacb8ba6da3", "fields": {"user": 18, "created": "2025-05-27T05:35:18.080Z"}}, {"model": "authtoken.token", "pk": "3e7b1efcf1be39e0cd9dce062f47370f005b3810", "fields": {"user": 9, "created": "2025-05-27T04:59:13.192Z"}}, {"model": "authtoken.token", "pk": "54301ec665640b52622c2155e53fc35b7ea2762e", "fields": {"user": 15, "created": "2025-05-27T05:26:49.575Z"}}, {"model": "authtoken.token", "pk": "61f2d401beb373a0792e7b0096d733caa710182c", "fields": {"user": 10, "created": "2025-05-27T05:02:44.057Z"}}, {"model": "authtoken.token", "pk": "64743495642cb5d8f912160d3427679f160364f9", "fields": {"user": 12, "created": "2025-05-27T05:06:03.875Z"}}, {"model": "authtoken.token", "pk": "83d7a352310ca6c3575ea9740b4ab574b93d3724", "fields": {"user": 16, "created": "2025-05-27T05:29:31.906Z"}}, {"model": "authtoken.token", "pk": "896b3348f414b8d4f9cbb06b9a01db5acc7cdea2", "fields": {"user": 21, "created": "2025-05-27T05:40:17.186Z"}}, {"model": "authtoken.token", "pk": "99c527283796079e5ec04d3f78f1a1b5cd613c07", "fields": {"user": 17, "created": "2025-05-27T05:31:38.428Z"}}, {"model": "authtoken.token", "pk": "a166fc8f8c063026c5496103076654ec4ac16a67", "fields": {"user": 20, "created": "2025-05-27T05:37:55.533Z"}}, {"model": "authtoken.token", "pk": "a64997cb235e5fddba8e888c7dcb184a37606fff", "fields": {"user": 3, "created": "2025-05-27T04:34:56.791Z"}}, {"model": "authtoken.token", "pk": "b0033f074c3ef68ded8a6f8a4eba8947e94087c6", "fields": {"user": 6, "created": "2025-05-27T04:48:09.211Z"}}, {"model": "authtoken.token", "pk": "b59b30c5b58a386b71ba840dd978d5450a1b04f7", "fields": {"user": 13, "created": "2025-05-27T05:08:55.751Z"}}, {"model": "authtoken.token", "pk": "bb11eb27ff9ad21e5d459285b57dd29b466460ba", "fields": {"user": 7, "created": "2025-05-27T04:54:13.729Z"}}, {"model": "authtoken.token", "pk": "bd51adb3a14a94f4a28af25e75d416960908f7a8", "fields": {"user": 11, "created": "2025-05-27T05:04:10.552Z"}}, {"model": "authtoken.token", "pk": "e08a1631dd87d8b9087cca5d6807d918963ffff2", "fields": {"user": 1, "created": "2025-05-27T04:21:45.555Z"}}, {"model": "account.emailaddress", "pk": 1, "fields": {"user": 1, "email": "ssafy1@kkubook.com", "verified": false, "primary": true}}, {"model": "account.emailaddress", "pk": 2, "fields": {"user": 3, "email": "ssafy2@kkubook.com", "verified": false, "primary": true}}, {"model": "account.emailaddress", "pk": 3, "fields": {"user": 4, "email": "ssafy3@kkubook.com", "verified": false, "primary": true}}, {"model": "account.emailaddress", "pk": 4, "fields": {"user": 5, "email": "ssafy4@kkubook.com", "verified": false, "primary": true}}, {"model": "account.emailaddress", "pk": 5, "fields": {"user": 6, "email": "ssafy5@kkubook.com", "verified": false, "primary": true}}, {"model": "account.emailaddress", "pk": 6, "fields": {"user": 7, "email": "ssafy6@kkubook.com", "verified": false, "primary": true}}, {"model": "account.emailaddress", "pk": 7, "fields": {"user": 8, "email": "ssafy7@kkubook.com", "verified": false, "primary": true}}, {"model": "account.emailaddress", "pk": 8, "fields": {"user": 9, "email": "ssafy8@kkubook.com", "verified": false, "primary": true}}, {"model": "account.emailaddress", "pk": 9, "fields": {"user": 10, "email": "ssafy9@kkubook.com", "verified": false, "primary": true}}, {"model": "account.emailaddress", "pk": 10, "fields": {"user": 11, "email": "ssafy10@kkubook.com", "verified": false, "primary": true}}, {"model": "account.emailaddress", "pk": 11, "fields": {"user": 12, "email": "ssafy11@kkubook.com", "verified": false, "primary": true}}, {"model": "account.emailaddress", "pk": 12, "fields": {"user": 13, "email": "ssafy12@kkubook.com", "verified": false, "primary": true}}, {"model": "account.emailaddress", "pk": 13, "fields": {"user": 14, "email": "ssafy13@kkubook.com", "verified": false, "primary": true}}, {"model": "account.emailaddress", "pk": 14, "fields": {"user": 15, "email": "ssafy14@kkubook.com", "verified": false, "primary": true}}, {"model": "account.emailaddress", "pk": 15, "fields": {"user": 16, "email": "ssafy15@kkubook.com", "verified": false, "primary": true}}, {"model": "account.emailaddress", "pk": 16, "fields": {"user": 17, "email": "ssafy16@kkubook.com", "verified": false, "primary": true}}, {"model": "account.emailaddress", "pk": 17, "fields": {"user": 18, "email": "ssafy17@kkubook.com", "verified": false, "primary": true}}, {"model": "account.emailaddress", "pk": 18, "fields": {"user": 19, "email": "ssafy18@kkubook.com", "verified": false, "primary": true}}, {"model": "account.emailaddress", "pk": 19, "fields": {"user": 20, "email": "ssafy19@kkubook.com", "verified": false, "primary": true}}, {"model": "account.emailaddress", "pk": 20, "fields": {"user": 21, "email": "ssafy20@kkubook.com", "verified": false, "primary": true}}, {"model": "sites.site", "pk": 1, "fields": {"domain": "example.com", "name": "example.com"}}, {"model": "admin.logentry", "pk": 1, "fields": {"action_time": "2025-05-27T05:41:58.473Z", "user": 2, "content_type": 2, "object_id": "20", "object_repr": "Bookworm object (20)", "action_flag": 2, "change_message": "[{\"changed\": {\"fields\": [\"Name\", \"Level\", \"Experience\"]}}]"}}, {"model": "admin.logentry", "pk": 2, "fields": {"action_time": "2025-05-27T05:44:15.737Z", "user": 2, "content_type": 2, "object_id": "20", "object_repr": "Bookworm object (20)", "action_flag": 2, "change_message": "[{\"changed\": {\"fields\": [\"Level\", \"Experience\"]}}]"}}, {"model": "admin.logentry", "pk": 3, "fields": {"action_time": "2025-05-27T05:44:33.617Z", "user": 2, "content_type": 2, "object_id": "19", "object_repr": "Bookworm object (19)", "action_flag": 2, "change_message": "[{\"changed\": {\"fields\": [\"Name\", \"Level\", \"Experience\"]}}]"}}, {"model": "admin.logentry", "pk": 4, "fields": {"action_time": "2025-05-27T05:45:05.693Z", "user": 2, "content_type": 2, "object_id": "18", "object_repr": "Bookworm object (18)", "action_flag": 2, "change_message": "[{\"changed\": {\"fields\": [\"Name\", \"Level\", \"Experience\"]}}]"}}, {"model": "admin.logentry", "pk": 5, "fields": {"action_time": "2025-05-27T05:45:18.453Z", "user": 2, "content_type": 2, "object_id": "1", "object_repr": "Bookworm object (1)", "action_flag": 2, "change_message": "[{\"changed\": {\"fields\": [\"Name\", \"Level\", \"Experience\"]}}]"}}, {"model": "admin.logentry", "pk": 6, "fields": {"action_time": "2025-05-27T05:45:36.074Z", "user": 2, "content_type": 2, "object_id": "2", "object_repr": "Bookworm object (2)", "action_flag": 2, "change_message": "[{\"changed\": {\"fields\": [\"Name\", \"Level\", \"Experience\"]}}]"}}, {"model": "admin.logentry", "pk": 7, "fields": {"action_time": "2025-05-27T05:45:42.707Z", "user": 2, "content_type": 2, "object_id": "3", "object_repr": "Bookworm object (3)", "action_flag": 2, "change_message": "[{\"changed\": {\"fields\": [\"Name\", \"Level\", \"Experience\"]}}]"}}, {"model": "admin.logentry", "pk": 8, "fields": {"action_time": "2025-05-27T05:45:52.636Z", "user": 2, "content_type": 2, "object_id": "4", "object_repr": "Bookworm object (4)", "action_flag": 2, "change_message": "[{\"changed\": {\"fields\": [\"Name\", \"Level\", \"Experience\"]}}]"}}, {"model": "admin.logentry", "pk": 9, "fields": {"action_time": "2025-05-27T05:45:59.821Z", "user": 2, "content_type": 2, "object_id": "5", "object_repr": "Bookworm object (5)", "action_flag": 2, "change_message": "[{\"changed\": {\"fields\": [\"Name\", \"Level\", \"Experience\"]}}]"}}, {"model": "admin.logentry", "pk": 10, "fields": {"action_time": "2025-05-27T05:46:53.417Z", "user": 2, "content_type": 3, "object_id": "26", "object_repr": "Pheed object (26)", "action_flag": 2, "change_message": "[{\"changed\": {\"fields\": [\"Like users\"]}}]"}}, {"model": "admin.logentry", "pk": 11, "fields": {"action_time": "2025-05-27T05:46:59.748Z", "user": 2, "content_type": 3, "object_id": "25", "object_repr": "Pheed object (25)", "action_flag": 2, "change_message": "[{\"changed\": {\"fields\": [\"Like users\"]}}]"}}, {"model": "auth.permission", "pk": 1, "fields": {"name": "Can add user", "content_type": 1, "codename": "add_user"}}, {"model": "auth.permission", "pk": 2, "fields": {"name": "Can change user", "content_type": 1, "codename": "change_user"}}, {"model": "auth.permission", "pk": 3, "fields": {"name": "Can delete user", "content_type": 1, "codename": "delete_user"}}, {"model": "auth.permission", "pk": 4, "fields": {"name": "Can view user", "content_type": 1, "codename": "view_user"}}, {"model": "auth.permission", "pk": 5, "fields": {"name": "Can add bookworm", "content_type": 2, "codename": "add_bookworm"}}, {"model": "auth.permission", "pk": 6, "fields": {"name": "Can change bookworm", "content_type": 2, "codename": "change_bookworm"}}, {"model": "auth.permission", "pk": 7, "fields": {"name": "Can delete bookworm", "content_type": 2, "codename": "delete_bookworm"}}, {"model": "auth.permission", "pk": 8, "fields": {"name": "Can view bookworm", "content_type": 2, "codename": "view_bookworm"}}, {"model": "auth.permission", "pk": 9, "fields": {"name": "Can add pheed", "content_type": 3, "codename": "add_pheed"}}, {"model": "auth.permission", "pk": 10, "fields": {"name": "Can change pheed", "content_type": 3, "codename": "change_pheed"}}, {"model": "auth.permission", "pk": 11, "fields": {"name": "Can delete pheed", "content_type": 3, "codename": "delete_pheed"}}, {"model": "auth.permission", "pk": 12, "fields": {"name": "Can view pheed", "content_type": 3, "codename": "view_pheed"}}, {"model": "auth.permission", "pk": 13, "fields": {"name": "Can add comment", "content_type": 4, "codename": "add_comment"}}, {"model": "auth.permission", "pk": 14, "fields": {"name": "Can change comment", "content_type": 4, "codename": "change_comment"}}, {"model": "auth.permission", "pk": 15, "fields": {"name": "Can delete comment", "content_type": 4, "codename": "delete_comment"}}, {"model": "auth.permission", "pk": 16, "fields": {"name": "Can view comment", "content_type": 4, "codename": "view_comment"}}, {"model": "auth.permission", "pk": 17, "fields": {"name": "Can add reading record", "content_type": 5, "codename": "add_readingrecord"}}, {"model": "auth.permission", "pk": 18, "fields": {"name": "Can change reading record", "content_type": 5, "codename": "change_readingrecord"}}, {"model": "auth.permission", "pk": 19, "fields": {"name": "Can delete reading record", "content_type": 5, "codename": "delete_readingrecord"}}, {"model": "auth.permission", "pk": 20, "fields": {"name": "Can view reading record", "content_type": 5, "codename": "view_readingrecord"}}, {"model": "auth.permission", "pk": 21, "fields": {"name": "Can add book", "content_type": 6, "codename": "add_book"}}, {"model": "auth.permission", "pk": 22, "fields": {"name": "Can change book", "content_type": 6, "codename": "change_book"}}, {"model": "auth.permission", "pk": 23, "fields": {"name": "Can delete book", "content_type": 6, "codename": "delete_book"}}, {"model": "auth.permission", "pk": 24, "fields": {"name": "Can view book", "content_type": 6, "codename": "view_book"}}, {"model": "auth.permission", "pk": 25, "fields": {"name": "Can add question", "content_type": 7, "codename": "add_question"}}, {"model": "auth.permission", "pk": 26, "fields": {"name": "Can change question", "content_type": 7, "codename": "change_question"}}, {"model": "auth.permission", "pk": 27, "fields": {"name": "Can delete question", "content_type": 7, "codename": "delete_question"}}, {"model": "auth.permission", "pk": 28, "fields": {"name": "Can view question", "content_type": 7, "codename": "view_question"}}, {"model": "auth.permission", "pk": 29, "fields": {"name": "Can add review", "content_type": 8, "codename": "add_review"}}, {"model": "auth.permission", "pk": 30, "fields": {"name": "Can change review", "content_type": 8, "codename": "change_review"}}, {"model": "auth.permission", "pk": 31, "fields": {"name": "Can delete review", "content_type": 8, "codename": "delete_review"}}, {"model": "auth.permission", "pk": 32, "fields": {"name": "Can view review", "content_type": 8, "codename": "view_review"}}, {"model": "auth.permission", "pk": 33, "fields": {"name": "Can add Token", "content_type": 9, "codename": "add_token"}}, {"model": "auth.permission", "pk": 34, "fields": {"name": "Can change Token", "content_type": 9, "codename": "change_token"}}, {"model": "auth.permission", "pk": 35, "fields": {"name": "Can delete Token", "content_type": 9, "codename": "delete_token"}}, {"model": "auth.permission", "pk": 36, "fields": {"name": "Can view Token", "content_type": 9, "codename": "view_token"}}, {"model": "auth.permission", "pk": 37, "fields": {"name": "Can add Token", "content_type": 10, "codename": "add_tokenproxy"}}, {"model": "auth.permission", "pk": 38, "fields": {"name": "Can change Token", "content_type": 10, "codename": "change_tokenproxy"}}, {"model": "auth.permission", "pk": 39, "fields": {"name": "Can delete Token", "content_type": 10, "codename": "delete_tokenproxy"}}, {"model": "auth.permission", "pk": 40, "fields": {"name": "Can view Token", "content_type": 10, "codename": "view_tokenproxy"}}, {"model": "auth.permission", "pk": 41, "fields": {"name": "Can add email address", "content_type": 11, "codename": "add_emailaddress"}}, {"model": "auth.permission", "pk": 42, "fields": {"name": "Can change email address", "content_type": 11, "codename": "change_emailaddress"}}, {"model": "auth.permission", "pk": 43, "fields": {"name": "Can delete email address", "content_type": 11, "codename": "delete_emailaddress"}}, {"model": "auth.permission", "pk": 44, "fields": {"name": "Can view email address", "content_type": 11, "codename": "view_emailaddress"}}, {"model": "auth.permission", "pk": 45, "fields": {"name": "Can add email confirmation", "content_type": 12, "codename": "add_emailconfirmation"}}, {"model": "auth.permission", "pk": 46, "fields": {"name": "Can change email confirmation", "content_type": 12, "codename": "change_emailconfirmation"}}, {"model": "auth.permission", "pk": 47, "fields": {"name": "Can delete email confirmation", "content_type": 12, "codename": "delete_emailconfirmation"}}, {"model": "auth.permission", "pk": 48, "fields": {"name": "Can view email confirmation", "content_type": 12, "codename": "view_emailconfirmation"}}, {"model": "auth.permission", "pk": 49, "fields": {"name": "Can add social account", "content_type": 13, "codename": "add_socialaccount"}}, {"model": "auth.permission", "pk": 50, "fields": {"name": "Can change social account", "content_type": 13, "codename": "change_socialaccount"}}, {"model": "auth.permission", "pk": 51, "fields": {"name": "Can delete social account", "content_type": 13, "codename": "delete_socialaccount"}}, {"model": "auth.permission", "pk": 52, "fields": {"name": "Can view social account", "content_type": 13, "codename": "view_socialaccount"}}, {"model": "auth.permission", "pk": 53, "fields": {"name": "Can add social application", "content_type": 14, "codename": "add_socialapp"}}, {"model": "auth.permission", "pk": 54, "fields": {"name": "Can change social application", "content_type": 14, "codename": "change_socialapp"}}, {"model": "auth.permission", "pk": 55, "fields": {"name": "Can delete social application", "content_type": 14, "codename": "delete_socialapp"}}, {"model": "auth.permission", "pk": 56, "fields": {"name": "Can view social application", "content_type": 14, "codename": "view_socialapp"}}, {"model": "auth.permission", "pk": 57, "fields": {"name": "Can add social application token", "content_type": 15, "codename": "add_socialtoken"}}, {"model": "auth.permission", "pk": 58, "fields": {"name": "Can change social application token", "content_type": 15, "codename": "change_socialtoken"}}, {"model": "auth.permission", "pk": 59, "fields": {"name": "Can delete social application token", "content_type": 15, "codename": "delete_socialtoken"}}, {"model": "auth.permission", "pk": 60, "fields": {"name": "Can view social application token", "content_type": 15, "codename": "view_socialtoken"}}, {"model": "auth.permission", "pk": 61, "fields": {"name": "Can add site", "content_type": 16, "codename": "add_site"}}, {"model": "auth.permission", "pk": 62, "fields": {"name": "Can change site", "content_type": 16, "codename": "change_site"}}, {"model": "auth.permission", "pk": 63, "fields": {"name": "Can delete site", "content_type": 16, "codename": "delete_site"}}, {"model": "auth.permission", "pk": 64, "fields": {"name": "Can view site", "content_type": 16, "codename": "view_site"}}, {"model": "auth.permission", "pk": 65, "fields": {"name": "Can add log entry", "content_type": 17, "codename": "add_logentry"}}, {"model": "auth.permission", "pk": 66, "fields": {"name": "Can change log entry", "content_type": 17, "codename": "change_logentry"}}, {"model": "auth.permission", "pk": 67, "fields": {"name": "Can delete log entry", "content_type": 17, "codename": "delete_logentry"}}, {"model": "auth.permission", "pk": 68, "fields": {"name": "Can view log entry", "content_type": 17, "codename": "view_logentry"}}, {"model": "auth.permission", "pk": 69, "fields": {"name": "Can add permission", "content_type": 18, "codename": "add_permission"}}, {"model": "auth.permission", "pk": 70, "fields": {"name": "Can change permission", "content_type": 18, "codename": "change_permission"}}, {"model": "auth.permission", "pk": 71, "fields": {"name": "Can delete permission", "content_type": 18, "codename": "delete_permission"}}, {"model": "auth.permission", "pk": 72, "fields": {"name": "Can view permission", "content_type": 18, "codename": "view_permission"}}, {"model": "auth.permission", "pk": 73, "fields": {"name": "Can add group", "content_type": 19, "codename": "add_group"}}, {"model": "auth.permission", "pk": 74, "fields": {"name": "Can change group", "content_type": 19, "codename": "change_group"}}, {"model": "auth.permission", "pk": 75, "fields": {"name": "Can delete group", "content_type": 19, "codename": "delete_group"}}, {"model": "auth.permission", "pk": 76, "fields": {"name": "Can view group", "content_type": 19, "codename": "view_group"}}, {"model": "auth.permission", "pk": 77, "fields": {"name": "Can add content type", "content_type": 20, "codename": "add_contenttype"}}, {"model": "auth.permission", "pk": 78, "fields": {"name": "Can change content type", "content_type": 20, "codename": "change_contenttype"}}, {"model": "auth.permission", "pk": 79, "fields": {"name": "Can delete content type", "content_type": 20, "codename": "delete_contenttype"}}, {"model": "auth.permission", "pk": 80, "fields": {"name": "Can view content type", "content_type": 20, "codename": "view_contenttype"}}, {"model": "auth.permission", "pk": 81, "fields": {"name": "Can add session", "content_type": 21, "codename": "add_session"}}, {"model": "auth.permission", "pk": 82, "fields": {"name": "Can change session", "content_type": 21, "codename": "change_session"}}, {"model": "auth.permission", "pk": 83, "fields": {"name": "Can delete session", "content_type": 21, "codename": "delete_session"}}, {"model": "auth.permission", "pk": 84, "fields": {"name": "Can view session", "content_type": 21, "codename": "view_session"}}, {"model": "contenttypes.contenttype", "pk": 1, "fields": {"app_label": "accounts", "model": "user"}}, {"model": "contenttypes.contenttype", "pk": 2, "fields": {"app_label": "kkubook", "model": "bookworm"}}, {"model": "contenttypes.contenttype", "pk": 3, "fields": {"app_label": "kkubook", "model": "pheed"}}, {"model": "contenttypes.contenttype", "pk": 4, "fields": {"app_label": "kkubook", "model": "comment"}}, {"model": "contenttypes.contenttype", "pk": 5, "fields": {"app_label": "kkubook", "model": "readingrecord"}}, {"model": "contenttypes.contenttype", "pk": 6, "fields": {"app_label": "kkubook", "model": "book"}}, {"model": "contenttypes.contenttype", "pk": 7, "fields": {"app_label": "kkubook", "model": "question"}}, {"model": "contenttypes.contenttype", "pk": 8, "fields": {"app_label": "kkubook", "model": "review"}}, {"model": "contenttypes.contenttype", "pk": 9, "fields": {"app_label": "authtoken", "model": "token"}}, {"model": "contenttypes.contenttype", "pk": 10, "fields": {"app_label": "authtoken", "model": "tokenproxy"}}, {"model": "contenttypes.contenttype", "pk": 11, "fields": {"app_label": "account", "model": "emailaddress"}}, {"model": "contenttypes.contenttype", "pk": 12, "fields": {"app_label": "account", "model": "emailconfirmation"}}, {"model": "contenttypes.contenttype", "pk": 13, "fields": {"app_label": "socialaccount", "model": "socialaccount"}}, {"model": "contenttypes.contenttype", "pk": 14, "fields": {"app_label": "socialaccount", "model": "socialapp"}}, {"model": "contenttypes.contenttype", "pk": 15, "fields": {"app_label": "socialaccount", "model": "socialtoken"}}, {"model": "contenttypes.contenttype", "pk": 16, "fields": {"app_label": "sites", "model": "site"}}, {"model": "contenttypes.contenttype", "pk": 17, "fields": {"app_label": "admin", "model": "logentry"}}, {"model": "contenttypes.contenttype", "pk": 18, "fields": {"app_label": "auth", "model": "permission"}}, {"model": "contenttypes.contenttype", "pk": 19, "fields": {"app_label": "auth", "model": "group"}}, {"model": "contenttypes.contenttype", "pk": 20, "fields": {"app_label": "contenttypes", "model": "contenttype"}}, {"model": "contenttypes.contenttype", "pk": 21, "fields": {"app_label": "sessions", "model": "session"}}, {"model": "sessions.session", "pk": "0sh928ur5t7arxabseqzloqey9ow6q99", "fields": {"session_data": ".eJxVjkEOwiAURO_C2hDKx1K6dO8ZyOcDFkVI2uLGeHfbpJtu572ZzJchUW1ltZ8wp5iCt-GNKbOxtJwvzGJbJ9uWMNvk2cg0O2UO6RXKDvwTy6NyqmWdk-O7wg-68Hv1Id8O9zQw4TJtbTDOkMHBSAAzKBAxGAWReqe2f8JdtVCShqhRUtQ6gjC-l44QOtF5HdnvDzB5Q0U:1uJmKL:r2UrEUxGDvuzNghwrde7EOGlUVLP-37YhE6lq-4rq24", "expire_date": "2025-06-10T04:54:13.777Z"}}, {"model": "sessions.session", "pk": "6r022wqewwzh6rjy3pom42kd0n89q5gr", "fields": {"session_data": ".eJxVjMEOgyAQRP-Fc0MEKaLH3vsNZNldKi3FRKWXpv9eTbx4m8x7M18BiFMtq__wnGJi8vyGlMVQas4X4aGuo68Lzz6RGIQSpy4AvrjsgJ5QHpPEqaxzCnJX5EEXeZ-I8-1wTwcjLOO2BmocRmddh6oF0xKpHq8ceoXGxIZYmw6pRdN3VumoTSRLzRasi6R1EL8_R75DmQ:1uJlov:dyYhxVtay81kGkxF6bGKzSZybH29IUIQUbEpae2dkTM", "expire_date": "2025-06-10T04:21:45.618Z"}}, {"model": "sessions.session", "pk": "98ibupzt1137voiddlfxn1z1hemdj6h2", "fields": {"session_data": ".eJxVjEEOgyAQRe_CuiEgFsFl9z0DGWeGSksxUemm6d2riRu3_733vwIQp1rW8OE5xcQU-A0pi77UnC8iQF3HUBeeQyLRCytO2wD44rIDekJ5TBKnss5pkLsiD7rI-0Scb4d7OhhhGbd6oAajUvoKFo0nrxx50NGbTrXaIrVOaReJTWsUoQU2ZFyHftOhcd6I3x86UUM7:1uJmET:n0HdMamrpBNHFWgSFt_58D_VWJgl-sGLwXJAeOXKudA", "expire_date": "2025-06-10T04:48:09.258Z"}}, {"model": "sessions.session", "pk": "9le6tl36x4zgfnz7wnfh9jp5e9v248b8", "fields": {"session_data": ".eJxVjMEOwiAQBf-FsyG0UCgevfsNZGEXiyIkbfFi_HfbpJdeZ-a9L4MQaiur-9CcYiJ09IaU2bW0nC_MQVsn1xaaXUJ2ZZ1gJ-ghvKjsBp9QHpWHWtY5eb4n_LALv1ekfDva08EEy7StjRGoEYKRA0hJY2975fsBtI7dIKgjCcIIkgq9gqijxY2RUhaF19qO7PcHXSlDaQ:1uJmSa:8SsVvvnjnHrcR-1qVvbU9843iwu9YjgNvSUWwaZXaTI", "expire_date": "2025-06-10T05:02:44.105Z"}}, {"model": "sessions.session", "pk": "9pq0ng0guihklxoqw0l2xhl62i03irdk", "fields": {"session_data": ".eJxVjDsOwyAQBe9CHVmAzc9l-pwB7cI6JiEg2SZNlLsnlty4fTPzPgxCqK1s_k1LmhJFTy9ImY2l5XxhHto2-7bS4lNkIxOanUaE8KSyk_iAcq9dqGVbEna70h107W41Ur4e7ulghnX-1yQlummwSgp0OJC0wVlt0WkNFA2RNroHblVvEBU3kSszKEdcikkJMuz7A1wJQss:1uJmsV:JOtQfB9dKP8x1_E67rxSvKRelfxY5jyky2PqzTqRsc4", "expire_date": "2025-06-10T05:29:31.954Z"}}, {"model": "sessions.session", "pk": "ayrssiq3pda5a5poj862x2p51hv8fnzd", "fields": {"session_data": ".eJxVjEEOwiAQAP_C2TSlQGE9evcNZIHFoghJW7wY_25Ieul1ZjJfht7XVnb7oTXFRMHSG1Nm19JyvjCLbV9s22i1KbAr44qdoEP_otJNeGJ51MHXsq_JDT0ZDrsN9xoo3472NFhwW_pX4-i4QJiVEQBSaudBwyRHDqhwdiYSSSMURO_HTrgQk3aziaAQiP3-QfFCxg:1uJmpt:cu-afDjOoSao6zC5SgjnXnHX_YyVlNWXy6VbvANVLTs", "expire_date": "2025-06-10T05:26:49.606Z"}}, {"model": "sessions.session", "pk": "ee2ot89qcwt6owdadl0a7uixxdo4rxq3", "fields": {"session_data": ".eJxVjDsOwyAQBe9CHVnmYzAu0-cMaBeWmISAZJs0Ue6eWHLj9s3M-zDwvrayuTctKSYKjl6QMptKy_nCHLRtdm2lxaXAJqbYaUPwTyo7CA8o99r5WrYlYbcr3UHX7lYD5evhng5mWOd_LYUYOMkeueRCS40WpAHNIYIdQVjQysYeNRobucYBjQiqJxUJzegVsu8PFKNC_w:1uJm5b:nxxYns9zvP5CQegrqyZmxuC37El1Q_EmSMXfKPJr5oc", "expire_date": "2025-06-10T04:38:59.674Z"}}, {"model": "sessions.session", "pk": "gujaqiarlvxls0fb2sdg3qkq3nxent3x", "fields": {"session_data": ".eJxVjEEOwiAQRe_C2hCgFmqX7j0DGWYGiyIkbXFjvLs26abb_977HwGItZXVv3lOMTF5fkHKYiwt55Pw0NbJt4Vnn0iMQhtxGAPgk8tG6AHlXiXWss4pyE2RO13krRLn6-4eDiZYpn-NwbpzhxqCjcYMTkUgF8lCby3xQHQJCpQjY3rUjApNT-CM6mAIRkMnvj-EB0QK:1uJmVn:AkueC_FVEtYL9ULZM8qP8ip2nZDI97awuYa-HM30YhE", "expire_date": "2025-06-10T05:06:03.922Z"}}, {"model": "sessions.session", "pk": "hx2y6urc5t7f71p5imfw4gc0i04dgy5b", "fields": {"session_data": ".eJxVjDsOwyAQBe9CHSFjMJ-U6XMGtCzrmISAZJs0Ue4eW3Ljdmbe-zJArK2s_kNzGhNFT29ImV1Ly_nCPLR18m2h2afIrkwodoIB8EVlN_EJ5VE51rLOKfA94Ydd-L1GyrejPR1MsEzbOiitaXRBKye1dT1aOVhne2mtDYgmSoyhQzXGfjAIojOkUKA2TncbEOz3B1aoQv0:1uJmcV:D6kDz4-Eeqmh2_o2LR9JMbE0yCt-PRSDiv-BR_qwDNA", "expire_date": "2025-06-10T05:12:59.212Z"}}, {"model": "sessions.session", "pk": "il5z2p13obnefsltwpbvev7n5ldmirlr", "fields": {"session_data": ".eJxVjMEOwiAQRP-FsyEsUBSP3vsNBHYXqRpISnsy_rtt0oMeZ96beYsQ16WEtfMcJhJXocXpt0sRn1x3QI9Y701iq8s8Jbkr8qBdjo34dTvcv4MSe9nW5whswYFD1KgN6gEu6FmRUsBJUQS15eQGIiSjPFvOjrO2mBGM9eLzBeRyOEg:1uJm1F:pEMTt6vFuJmn8314ezI4F9xHZ8tGhLHlpvqJiBb248U", "expire_date": "2025-06-10T04:34:29.552Z"}}, {"model": "sessions.session", "pk": "iriey2tgg6uardspgo6eyeulgwg5d8dg", "fields": {"session_data": ".eJxVjEEOgyAQRe_CujHOIKAuu-8ZyABjpaWQqHTT9O6tiRu3_733P4K8LzVv9s1LnCIHyy-KSYy5pnQRluo227ryYmMQo5DitDnyT847CA_K99L4krclumZXmoOuza0ETtfDPR3MtM7_GvSAigyCZ_IOkYOaJtbkwCswrQHssO2VRkLsO5KdHnSQEjS0xqED8f0BJzpCJQ:1uJm1g:a-ENGQiUR6gzn_DF3qotcvXAieCs54wDPeNlR2U-O3Y", "expire_date": "2025-06-10T04:34:56.839Z"}}, {"model": "sessions.session", "pk": "jl5r7864ar9o7hntkfxngvqf8zrivrvb", "fields": {"session_data": ".eJxVjEEOwiAQRe_C2jQWBEqX7j0DmWEGiyIkbXFjvLs26abb_977HwEh1FZW_-Y5xcTk-QUpi7G0nE_CQ1sn3xaefSIxikEcNoTw5LIBekC51y7Uss4Ju03pdrp0t0qcr7t7OJhgmf61iloZIpLWsVII1qEjMziJEmxECsZoBWguEp120mIfz-xi7DUYkr0U3x9ITkN-:1uJmN6:YjNDmH0QpCjh2o5BxiIPLXSZ0epzotpiKmmc8FiBzfM", "expire_date": "2025-06-10T04:57:04.016Z"}}, {"model": "sessions.session", "pk": "m5q73efvyyi8a8bgwyi29k5i2kzvbcs2", "fields": {"session_data": ".eJxVjDsOwyAQBe9CHSG0fIxdps8Z0LJATEJAsk2aKHdPLLlx-2bmfRgStV43945LTjkGF1-YC5tqL-XCHPZtdn2Ni8uBTWxkp80jPWPdQXhgvTdOrW5L9nxX-EFXfmshluvhng5mXOd_LUkaEWwCZUmCTypJMwBILQVBCEIoICulRz2SNtYaMBgBrPWo9GgG9v0BGIhCIA:1uJmPB:6rJHs3-w-pDZs4Fs71J9eYy6CTjizTU4bZNnFMsMcG4", "expire_date": "2025-06-10T04:59:13.240Z"}}, {"model": "sessions.session", "pk": "ojoyyvpy8b95cq98gphp54rpduzhq1jv", "fields": {"session_data": ".eJxVjMsOwiAQRf-FtWkAKTN06d5vIMPLoghJW9wY_11Nuun2nnPum5H3rdfNvuKSU47BxiflwqbaSzkxS32bbV_jYnNgExOGHUZH_hHrn4Q71VsbfKvbkt3wV4adrsO1hVguu3s4mGmdf_U5KpMUotQCvTEkVUCO6AzIMAIQIGkIEoRxo0Ouk5QKuBZOIPcGEvt8ATvMQhs:1uJmz4:iPSZ7clUyjBx9grN2R6v6eZ71XaIXyB6FxJ03yit15k", "expire_date": "2025-06-10T05:36:18.286Z"}}, {"model": "sessions.session", "pk": "p1rvdsxp2nq3bqwba3vowhb3qriefuq7", "fields": {"session_data": ".eJxVjMEOwiAQBf-Fs2mglAI9evcbyC4sFkVI2uLF-O_apJde38y8DwPvayube9OSYqLg6AUps6m0nC_MQdtm11ZaXApsYsKw04jgn1R2Eh5Q7rXztWxLwm5XuoOu3a0GytfDPR3MsM7_GrTRKKxXBi0IIAToUQ0elKB-HKONymhSKCXnCMr4EC3ng9QjHwwGyb4_foRDmQ:1uJmy6:rV63Hg7q34_b1sfgSnXDVqLZqOhwhas5c0tJrsFy_Rc", "expire_date": "2025-06-10T05:35:18.136Z"}}, {"model": "sessions.session", "pk": "qjditzbudlhl4sgpgpv4fopbo1bcp41t", "fields": {"session_data": ".eJxVjMsOwiAUBf-FtSGUZ-nSvd9ALnCxKELSFjfGf9cm3XR7ZuZ8CITQet3cG5ecMkaHL8iFTLWXciEO-ja7vuLiciQT4YycRg_hiXUn8QH13mhodVuyp7tCD7rSW4tYrod7Ophhnf81otZj4oqrIOQgwXjtveVaoJGjYT5pUMx6HrjwdjCCWRSGcxOZCDJFRb4_TsRCqw:1uJn0d:N4mkpuabTbiPqXufsY_6e_4r6stGh9EQibPH_9mYPks", "expire_date": "2025-06-10T05:37:55.580Z"}}, {"model": "sessions.session", "pk": "rix1ugo4fmeksx4p847hqajpw8jewp34", "fields": {"session_data": ".eJxVjMsOwiAQAP-FsyE8-sKjd7-BLLuLRRGStngx_rtp0kuvM5P5CkCsrWz-w0uKicnzG1IW19JyvggPbZt9W3nxicRVaC1OMAC-uOyGnlAeVWIt25KC3BN52FXeK3G-He1pMMM6718i4zQSR6UwkrM2DL3VGINR06DBTBCjjcbBqE2PPGLnAIJThrrRORK_P39dQ_M:1uJmTy:YMMC3LxUrpZegm5Pyc9dHl20MzevqTtc6o5CvIeLoLo", "expire_date": "2025-06-10T05:04:10.599Z"}}, {"model": "sessions.session", "pk": "rtu1nq1g5s4b3gpq7w1w86om4tnxf8l4", "fields": {"session_data": ".eJxVjEEOwiAQRe8ya0OgFGlduvcMZBgGiyIkbXFjvLs26abb_977H0Ci2srq3jynmDg4fmHKcCkt5xM4bOvk2sKzSwEuoDQcRo_05LKR8MByr4JqWefkxaaInS7iVgPn6-4eDiZcpn-tg2aJnQxmGNhHe_bYSz32Y6coRk1oOoVGsZESmcNg0FuFWo4KyZO18P0Bb-1D2Q:1uJmYZ:PD9xhqX7D5gdi7ZvA4uhpIrhLv7PoYp-Js8RRkCsMsc", "expire_date": "2025-06-10T05:08:55.799Z"}}, {"model": "sessions.session", "pk": "s43euf137qb460x158rlullde14rq3mu", "fields": {"session_data": ".eJxVjDsOwyAQRO9CHSEszC9l-pwBLbAbkxCQbJMmyt1jS25cTDPvzXwZxNh6Xf0H50wZk8c35MKutZdyYR76Ovm-4OxzYlem2KkLEF9Yd5CeUB-Nx1bXOQe-K_ygC7-3hOV2uKeDCZZpW6MjlcIAW8ggOkOSdBz1qEbjlByksUIGMSa0RJEsCBfNzrUUOijLfn9SgUNa:1uJmBk:WQLbEwiD5JWjl2U6eeq4R-wsrlKlkLDjyBRINVf6LQc", "expire_date": "2025-06-10T04:45:20.590Z"}}, {"model": "sessions.session", "pk": "ynppjmx257gcviwpx7r2w6sdyygyx799", "fields": {"session_data": ".eJxVjEEOgyAQRe_CujEOooLL7nsGMjBDpaWQqHTT9O6tiRu3_733PwK9LzVv9s1LDJHJ8gtjElOuKV2ExbrNtq682EhiEjCK0-jQPznvhB6Y76XxJW9LdM2uNAddm1shTtfDPR3MuM7_uod-HBxQkGgoKIka0bWEENrBBE1dFzQE9h16UL1qWdIIygQGL5VxWnx_f_5D9Q:1uJmuY:Js5hLpVGZwWEYEc-MP15GtHtT5DLEzuSwwPjgkUJlIM", "expire_date": "2025-06-10T05:31:38.475Z"}}, {"model": "sessions.session", "pk": "zhvlfsay5e8xjh0ibhdln1t16ae3rjib", "fields": {"session_data": ".eJxVjDsOwjAQBe_iGkXxBwenpOcM1q53TQzGlpKYBnF3iJQm7ZuZ9xEQQm1l9W-eU0xMnl-QshhLy_kkPLR18m3h2ScSo1BSHEaE8OSyEXpAudcu1LLOCbtN6Xa6dLdKnK-7eziYYJn-dUR0UdnAUtsg1UBSB7IqWohEF9OTAeUY-8Aq9lqTReMMoT67gSFqFN8fjfBEgA:1uJn2v:ht2p7XfnigaygnUJxu07I0fWxEBb9tu1vHwm8WJTsmw", "expire_date": "2025-06-10T05:40:17.234Z"}}]